,weu,eeu,cus
1980-01-01,1.1008080877276647,1.0103001591763758,0.810577610150994
1980-01-02,1.098257446393709,1.022310842983967,0.8060464607020322
1980-01-03,1.0912713468418362,1.0216831218232632,0.7996369768555998
1980-01-04,1.0867509058535072,1.021378295669558,0.8022503200783319
1980-01-05,1.090685307670597,1.022194005607169,0.8151372228495727
1980-01-06,1.0961796845477525,1.0197261046157307,0.8126001446910643
1980-01-07,1.0958937533825874,1.0171312243736415,0.8073945111920754
1980-01-08,1.0927467921335101,1.0152099165986215,0.815555992977748
1980-01-09,1.090588686316464,1.0128687690667153,0.8185012577159462
1980-01-10,1.088294484444866,1.0101003303082277,0.8205898882458691
1980-01-11,1.0862580453224517,1.0071289138979602,0.8237049321987503
1980-01-12,1.0800780779861618,1.0048956983465864,0.8671329845388495
1980-01-13,1.0734820278616277,1.0033532008611727,0.8619439796761171
1980-01-14,1.0678581340695432,1.0010283676644376,0.8505114276226402
1980-01-15,1.0640287530347055,0.9985771023804865,0.8490293862066665
1980-01-16,1.064892716602354,0.9960675995816536,0.8436613298431778
1980-01-17,1.0623845329889823,0.995103168424035,0.8493795138546837
1980-01-18,1.0586553188523673,0.9933479001975932,0.8668865369294941
1980-01-19,1.0549044131439549,0.9903343464424568,0.8788303886219309
1980-01-20,1.0546060787496225,0.9867069034817195,0.8836455552096197
1980-01-21,1.0555209567528812,0.9850186848937452,0.8843031980145546
1980-01-22,1.0692019233549792,0.9840777246374024,0.8928682575976938
1980-01-23,1.0837617812898357,0.9824817229867973,0.9313834529951938
1980-01-24,1.0954746342843176,0.9853015162660598,0.9379537250163035
1980-01-25,1.1043067281204917,0.990783448156363,0.9247942577976154
1980-01-26,1.0998547658233417,0.9984865125179927,0.9175974113000289
1980-01-27,1.0942872626725217,0.9990580034573091,0.9303134712552001
1980-01-28,1.0860984034199481,1.001018837578207,0.9284085219805016
1980-01-29,1.0795132262152318,0.998236530976869,0.9223219459501694
1980-01-30,1.0737316440169706,0.9951175142364282,0.917827409679635
1980-01-31,1.0842104642314667,0.9954189620672029,0.9172894514549746
1980-02-01,1.1171496414590087,1.0113928871433269,0.9243537287788037
1980-02-02,1.1184395112674064,1.0432379816987007,0.9193470181115286
1980-02-03,1.1271038612889472,1.0516469316494865,0.911831870074993
1980-02-04,1.1388590158931022,1.05268584470037,0.9026800204629498
1980-02-05,1.145517140266606,1.0550497510913954,0.8950732154916357
1980-02-06,1.1508224208058744,1.058812400401495,0.891069536539988
1980-02-07,1.1477106458429769,1.0645205049154827,0.8870024089410273
1980-02-08,1.1410855654728127,1.0674137702388686,0.8830335292931081
1980-02-09,1.1305906593680126,1.069212352610749,0.8974279602602705
1980-02-10,1.1261136031114753,1.0699542847842707,0.9206423363611502
1980-02-11,1.1225395436363166,1.0683887226280502,0.9220479834269993
1980-02-12,1.1136854166803523,1.0693650128963041,0.9139994371679225
1980-02-13,1.1042533592962358,1.0706561136192825,0.9057006933613805
1980-02-14,1.0952784745046413,1.0680170248481915,0.9014849389497974
1980-02-15,1.0865243757489278,1.0646219187633261,0.9055750846213019
1980-02-16,1.082542370237805,1.0613091227216194,0.9160653603942182
1980-02-17,1.0866954273694207,1.0580710204109973,0.9292836130608063
1980-02-18,1.0793759921207016,1.0556435027958737,0.9242984309871305
1980-02-19,1.0701245036762466,1.0535909512758175,0.917299995608253
1980-02-20,1.0661146612911352,1.050522764479961,0.9098189405720823
1980-02-21,1.0629957014999023,1.0467760186122428,0.90745446036355
1980-02-22,1.0589398889463633,1.0436360510193108,0.9019033950289393
1980-02-23,1.061820300357016,1.0403931689308492,0.8972386983825623
1980-02-24,1.0658247982504663,1.0376118533564471,0.8927354035024557
1980-02-25,1.0692948666129376,1.035446639328592,0.8872086020675288
1980-02-26,1.0677020084129296,1.0328991936097502,0.8803962247844808
1980-02-27,1.0658974988034455,1.0303546669029224,0.868605856889437
1980-02-28,1.0587391267436137,1.027749977198594,0.846699955125711
1980-02-29,1.050650925904797,1.0256395571973178,0.8291386522359818
1980-03-01,1.0442395064159875,1.0239858556877317,0.8252992566370241
1980-03-02,1.0374253890135552,1.0242294292302245,0.8428546272933289
1980-03-03,1.0306113801483563,1.0223726783995049,0.8414268855985162
1980-03-04,1.0260043786447621,1.0238491358061768,0.8318473000784611
1980-03-05,1.019036530409268,1.0229639229711622,0.833370088957942
1980-03-06,1.012388568299409,1.0198734207938582,0.8636178818489519
1980-03-07,1.0256468487997181,1.0168576418772732,0.8510750217393239
1980-03-08,1.0347525377834828,1.017377037704219,0.8694998402399161
1980-03-09,1.0404370194242651,1.0222274157742928,0.8955104208286294
1980-03-10,1.038864199965136,1.0278927250480232,0.8833539657901303
1980-03-11,1.03735857574469,1.0319488816064921,0.8722179144922859
1980-03-12,1.0349240526448977,1.0328088244679214,0.8645606676008389
1980-03-13,1.032694319000933,1.0315609886126105,0.912522271814365
1980-03-14,1.0446629987925788,1.0291595537509641,0.925337202285305
1980-03-15,1.0491516764084121,1.0258306433144593,0.9095997583578381
1980-03-16,1.0472763691071463,1.0243578290450492,0.8930040482422517
1980-03-17,1.042562532894686,1.021679544675663,0.8977493689400671
1980-03-18,1.0384482089096017,1.0194748137181928,0.9555904763889577
1980-03-19,1.0370904800726435,1.0167666223805456,0.9437494814462214
1980-03-20,1.0418701287746914,1.0142473731479362,0.9279375528729229
1980-03-21,1.051719025811012,1.0155359831315938,0.9552733668768916
1980-03-22,1.0568219309446385,1.019756749361521,0.9530141747309063
1980-03-23,1.061209887605264,1.0247390312278957,0.9248562266911802
1980-03-24,1.0597265432927312,1.030453746651143,0.9327565686384267
1980-03-25,1.0598686071048828,1.0331972168401966,0.963882009555903
1980-03-26,1.0636240273823374,1.0373576982035766,0.9543615295461813
1980-03-27,1.0696516958021764,1.0405603854610983,0.9513467069799212
1980-03-28,1.0814223601916377,1.0458642538930678,0.9693930377210637
1980-03-29,1.0860953976699284,1.050888567713672,1.0243914951356539
1980-03-30,1.0864717797913033,1.0598320624199211,1.0410831766437507
1980-03-31,1.080034575519122,1.0734042552714607,1.0635503664070058
1980-04-01,1.0773399234551722,1.0851169079572338,1.0400873493623402
1980-04-02,1.084957135284981,1.0918462489650518,1.0167836213338748
1980-04-03,1.0829015682078948,1.1058940223942202,1.0203179697257936
1980-04-04,1.0754800709570682,1.1227895200111713,1.0238768376722194
1980-04-05,1.0631137181520496,1.141402463924204,1.012987317496089
1980-04-06,1.049625080917809,1.1559200702043215,0.98034668593371
1980-04-07,1.0372409136526877,1.162282757160917,0.9528958614140056
1980-04-08,1.0258846303040146,1.1686874905687068,0.9476338379313317
1980-04-09,1.021387951786905,1.1745186387752424,0.9669954084751415
1980-04-10,1.0149603268188376,1.177915723865623,0.9480121912042581
1980-04-11,1.004725816380685,1.1780094555701224,0.9204841739631866
1980-04-12,0.9898602234018361,1.1743056539609755,0.9217129890335859
1980-04-13,0.9760392663521277,1.16657749845544,0.9649458990285414
1980-04-14,0.9675022672449699,1.1573151583937518,1.0093042598375126
1980-04-15,0.9691471066449092,1.147695264258794,1.0153345043269666
1980-04-16,0.9721986220874844,1.1343807928311007,0.9840458869278734
1980-04-17,0.9704381195546773,1.1202274958047995,0.9536201633331197
1980-04-18,0.9692990240736299,1.1069981263722453,0.9385224049839508
1980-04-19,0.9662292690348023,1.0949610577526157,0.9264015474986119
1980-04-20,0.9643552516907442,1.097736384809184,0.9061303525666987
1980-04-21,0.9622493426870552,1.0986854046033787,0.8773736202020638
1980-04-22,0.9565109189184883,1.1009106834365752,0.8460159117771425
1980-04-23,0.9499390582939069,1.1153204044188207,0.8151105606141944
1980-04-24,0.9463729580910722,1.1213862792486953,0.7799438373817047
1980-04-25,0.9455105822933908,1.1289050941287608,0.765708936340624
1980-04-26,0.942056104201415,1.132313461316257,0.7840462461809865
1980-04-27,0.943245654471801,1.134156887306661,0.818760613717573
1980-04-28,0.9448104324143294,1.1300688695722627,0.8193923642721578
1980-04-29,0.9449087045124728,1.1222190724900487,0.7969673531322502
1980-04-30,0.9422528408597894,1.1138371922751567,0.7750425341980506
1980-05-01,0.9361295892131906,1.1032975157988472,0.7670343464574947
1980-05-02,0.931598283764116,1.0962574387016892,0.7649829045337164
1980-05-03,0.9312260732832431,1.0998130723978967,0.7496083274054571
1980-05-04,0.9367661234607546,1.1017438619547453,0.7341075299959355
1980-05-05,0.9433294571099904,1.1002566597586243,0.7086730857893087
1980-05-06,0.9443563222635377,1.0978680079750323,0.6801153249042278
1980-05-07,0.9445167651999252,1.095610882609999,0.6503122602311457
1980-05-08,0.9475970408482366,1.0893439405744294,0.6450090853652826
1980-05-09,0.9591806536413761,1.084318314609322,0.6442488754008552
1980-05-10,0.9534262343634823,1.0837196112158658,0.617712477561544
1980-05-11,0.9330468182132251,1.0887244332840007,0.593436376712799
1980-05-12,0.9164000817006432,1.0910288048256582,0.5842039731836051
1980-05-13,0.9120593983167183,1.081432004028227,0.6061727930308972
1980-05-14,0.9105985006945562,1.0747127613641974,0.6127447786867292
1980-05-15,0.9043882212603247,1.0651635044290422,0.616972224932299
1980-05-16,0.8874544755085495,1.062216795368243,0.6637679042144495
1980-05-17,0.8688954196594794,1.05696815593897,0.7193243022706574
1980-05-18,0.8514485013121664,1.0494881951837267,0.7740375556843883
1980-05-19,0.8375662176180357,1.0426956869700985,0.7771976557380418
1980-05-20,0.8234815828966644,1.0374641649489673,0.7943180401114813
1980-05-21,0.8194238403786082,1.0411487482637887,0.8109296184221939
1980-05-22,0.8224340030659545,1.0425513499823327,0.8049786990569796
1980-05-23,0.8231716009589776,1.0372442647998232,0.8134359113066388
1980-05-24,0.8181020447387946,1.030248882459374,0.8163266816643678
1980-05-25,0.8116173565602773,1.0308318899059814,0.8044559923422384
1980-05-26,0.8105986300008614,1.0251753969924462,0.7868784751417751
1980-05-27,0.8132253530619284,1.0157129783869845,0.7519038197460257
1980-05-28,0.8217373136403295,0.9957035524368085,0.7266087879586068
1980-05-29,0.8333197672858502,0.9793345108277076,0.6991838440439846
1980-05-30,0.8494365563055831,0.964681255723746,0.6841447040825747
1980-05-31,0.855595587808114,0.9580297671952188,0.6740606590076893
1980-06-01,0.8572094555429751,0.9580584238063466,0.6646497654421862
1980-06-02,0.8572177249510915,0.9561641769814898,0.6621332646036401
1980-06-03,0.8403890240990349,0.9563509283777099,0.6596324585636336
1980-06-04,0.822512734821714,0.965767521023508,0.6462307485296478
1980-06-05,0.8042372048959039,0.9814444521348425,0.6314488296152954
1980-06-06,0.7863030717413854,0.9870609815357894,0.6117264689573577
1980-06-07,0.7758154643381381,0.9898626212036408,0.6009547150700216
1980-06-08,0.7780975828946658,0.9863816668379137,0.5922147461755026
1980-06-09,0.7814514407674028,0.9755699038422712,0.5936794792806794
1980-06-10,0.7965413243348989,0.9607234230469004,0.5838316035115447
1980-06-11,0.8074788441710783,0.9496838546701281,0.5584834454891893
1980-06-12,0.8084394153027032,0.9449554890761714,0.5395793757952083
1980-06-13,0.8059918666613822,0.9351684402442877,0.5267282268773533
1980-06-14,0.795047289024705,0.9212062391936876,0.5133853345251809
1980-06-15,0.7989330336823908,0.8962235841519707,0.4964407822685786
1980-06-16,0.7979910130462368,0.8818203760196891,0.4926461574147981
1980-06-17,0.789542173180094,0.8844424953345653,0.5105161812245878
1980-06-18,0.7953605471838946,0.8763076098986132,0.523535436105839
1980-06-19,0.7953466542873748,0.8718957419529313,0.531547088111626
1980-06-20,0.7900908608136472,0.8668996473711261,0.5351333928444217
1980-06-21,0.7846875880832355,0.8582672087057854,0.5443149499594048
1980-06-22,0.7827896439810356,0.8419819800529085,0.5361221127225068
1980-06-23,0.7880929188734583,0.8312508973973558,0.531574472714687
1980-06-24,0.7983754520952707,0.8160560525147527,0.5381838621232906
1980-06-25,0.8061816298806553,0.8107047505886068,0.5558271804050142
1980-06-26,0.8124668511552442,0.8067122166065149,0.5619006692174815
1980-06-27,0.8191950642313106,0.8009404740254724,0.5435866017003286
1980-06-28,0.8190763665131482,0.8088712208046795,0.5207892843419331
1980-06-29,0.8256635789226587,0.8358007807851494,0.5085001468119811
1980-06-30,0.82906058471779,0.8440333959282393,0.5159340840231047
1980-07-01,0.8246488260131559,0.8462490402190992,0.5037002319947833
1980-07-02,0.8325974540885397,0.8408767512218777,0.48553801269258473
1980-07-03,0.8344237380458635,0.8459772814513922,0.48549462005281374
1980-07-04,0.828717420643844,0.8530821848023793,0.4945085052145697
1980-07-05,0.8176788020415896,0.8579036202920076,0.4936871887673766
1980-07-06,0.8081387932051225,0.8542426263394234,0.490392074659191
1980-07-07,0.8030685398245603,0.8521659540988824,0.47714405047950004
1980-07-08,0.8102132074787518,0.8420241865784186,0.4686033520500166
1980-07-09,0.8403704195978542,0.826692542711394,0.46255568963847166
1980-07-10,0.8583108434208467,0.818456561231523,0.46429287544849346
1980-07-11,0.8635744797255446,0.8099507351833537,0.47723347065133437
1980-07-12,0.8618015300934742,0.8024520170647838,0.4668711241463225
1980-07-13,0.8553086564473311,0.8113533135648888,0.4608578704756305
1980-07-14,0.8576421601965384,0.8359112448017675,0.45396088414826913
1980-07-15,0.8641994565356429,0.832820246829859,0.44758941148845
1980-07-16,0.8864383867317582,0.8187374109915018,0.43966421307838083
1980-07-17,0.8842629573583541,0.8086110992286037,0.4323122885687938
1980-07-18,0.872008783664417,0.8107143886974592,0.4226994099443683
1980-07-19,0.8573526299587685,0.8032760571508014,0.42005753687004577
1980-07-20,0.8539200416393696,0.7969320598920165,0.41100355918219733
1980-07-21,0.8774635775577908,0.7859856104485847,0.404957365485533
1980-07-22,0.8780586294767269,0.789672817557195,0.4254229488587029
1980-07-23,0.8594262175818551,0.8064387871383221,0.44787598811476526
1980-07-24,0.8372287199986345,0.8168995000719539,0.44657861638581775
1980-07-25,0.8144204405036566,0.820071654973048,0.42710067795817813
1980-07-26,0.7984101021788399,0.8287747753561323,0.41707217679773406
1980-07-27,0.8070879901899758,0.8358510651965799,0.41753587401753184
1980-07-28,0.803210527656702,0.8421399780107025,0.435535788466608
1980-07-29,0.7915675466822157,0.8425150463693896,0.43796799769968275
1980-07-30,0.7970409364013773,0.8378857596064844,0.42241513009577153
1980-07-31,0.7902342964769433,0.8278984885361644,0.4063038929226233
1980-08-01,0.7731960477910645,0.8161542442469643,0.3948491583463058
1980-08-02,0.7558456018846327,0.802593997360167,0.3888519634652223
1980-08-03,0.7366028039410439,0.7879085883979474,0.3867357278417505
1980-08-04,0.7331535210959953,0.7715866556752897,0.39490036705714526
1980-08-05,0.7236330142499046,0.7637960935470522,0.39892199258784017
1980-08-06,0.7140610160261592,0.7580983216276553,0.4007693517134742
1980-08-07,0.7008700845847506,0.7562522460113037,0.39031507533555543
1980-08-08,0.6932263739490571,0.7454992741292049,0.3810003814146573
1980-08-09,0.7045364652766388,0.7370957633450927,0.37091058482119993
1980-08-10,0.6941963347757198,0.7493181485744527,0.3647229761812487
1980-08-11,0.680055223102384,0.7543342073537633,0.36929733884035093
1980-08-12,0.6749550734180689,0.7500834393252592,0.3781544902587235
1980-08-13,0.6836360201588315,0.7487684197043447,0.3762182248180171
1980-08-14,0.6794677666327807,0.7643305335216177,0.3698662142612897
1980-08-15,0.6805504466250163,0.7796549329715954,0.3826071512791393
1980-08-16,0.7038147157085879,0.7902424830319571,0.413842438412405
1980-08-17,0.713204160580999,0.8074047834812161,0.41903756360286465
1980-08-18,0.7049695107673764,0.820344025619418,0.42695378272385615
1980-08-19,0.7039677880839482,0.8214049358945567,0.43389040789402356
1980-08-20,0.705636327487514,0.8145939425261866,0.428463838898426
1980-08-21,0.6941335401519508,0.8085589167815872,0.42014843672908564
1980-08-22,0.6801720076876104,0.8149051362967363,0.4150004663521506
1980-08-23,0.672208480153175,0.8166067661134963,0.41682414530850254
1980-08-24,0.6659112490405604,0.8168452818735416,0.4099739341965163
1980-08-25,0.6561430129666657,0.8179254429314795,0.399682666899992
1980-08-26,0.6486856326564376,0.8201394428198481,0.38762308990491107
1980-08-27,0.6590575477022095,0.8196932997003824,0.3847828518909873
1980-08-28,0.6668239008641644,0.8102161092857553,0.38615197357047726
1980-08-29,0.6641502931882864,0.7975826681762699,0.3901318524615956
1980-08-30,0.6603980652426211,0.7907336829281054,0.3830957877940062
1980-08-31,0.6642305363920541,0.7883653714927861,0.3780661719090364
1980-09-01,0.670709351772586,0.7975989701549369,0.37369492597586146
1980-09-02,0.6630222675573872,0.8065663261886955,0.38205587991911694
1980-09-03,0.6470052785707949,0.8091601043411222,0.3927297406381908
1980-09-04,0.6287014586948634,0.8054689098372555,0.3794991982340615
1980-09-05,0.6199894360201876,0.7969998007250191,0.3895599098983999
1980-09-06,0.6345468498088849,0.788694875318649,0.3824115582152952
1980-09-07,0.6308142173071516,0.7808340130690944,0.3696627030587152
1980-09-08,0.6161206390683953,0.7728044730487645,0.373957796160583
1980-09-09,0.625719405330486,0.7659791588619459,0.37997390146637305
1980-09-10,0.64025553978588,0.7576620734049725,0.38771401121072563
1980-09-11,0.6432176543858228,0.7621759190958955,0.3878396718239832
1980-09-12,0.6438641544995511,0.767632768472678,0.37222772034024104
1980-09-13,0.6401804369751737,0.7722242110460402,0.35452212078501427
1980-09-14,0.6433474087452715,0.7760089016797947,0.35531475621987146
1980-09-15,0.6396211627854658,0.7757926692773919,0.3491583842248582
1980-09-16,0.6314306147734752,0.7884919449236653,0.34428623667318525
1980-09-17,0.6292755696849689,0.7973727949894185,0.35718286018547907
1980-09-18,0.6256731835096339,0.7994017270845184,0.39526268704424
1980-09-19,0.621886028291989,0.798674629328659,0.386511118214822
1980-09-20,0.6265235490052841,0.7939600573010481,0.37917730706722375
1980-09-21,0.6504415194794152,0.7892526955407843,0.3772934213828867
1980-09-22,0.665861496089286,0.7839068448185109,0.3702916139834448
1980-09-23,0.6717953073943576,0.7843023523989135,0.37130818662136217
1980-09-24,0.6747462884337625,0.7853261283054105,0.38161831531369317
1980-09-25,0.6718447581119728,0.7858150862396976,0.3949254555026853
1980-09-26,0.6675851321587642,0.7867631626775062,0.42273847289529254
1980-09-27,0.6638817923739085,0.7940097486963474,0.4271812423074949
1980-09-28,0.6653684986665002,0.7996833164572302,0.4557190289563394
1980-09-29,0.6620900147373544,0.8062958756886284,0.5004152609510076
1980-09-30,0.6589757069505736,0.8113558449152889,0.5414773672704977
1980-10-01,0.657115636464018,0.8180755146624732,0.5792909070274664
1980-10-02,0.6519222210876799,0.8277614126919691,0.5716022110423712
1980-10-03,0.6483152999366849,0.8300670460889081,0.5648634463735545
1980-10-04,0.6456130017517288,0.8393830923259489,0.5535467903028874
1980-10-05,0.6461140437856842,0.8438724724507323,0.5381098291518462
1980-10-06,0.6445306916651011,0.846991660101126,0.5266285098099115
1980-10-07,0.6477560813129509,0.8502975123845536,0.5146351900011092
1980-10-08,0.6723338867439721,0.847927606926035,0.49036004011948164
1980-10-09,0.7040672983695052,0.8559955168610746,0.46518080339064766
1980-10-10,0.7157820688226537,0.8760691690115423,0.44685015843248893
1980-10-11,0.7395685638811479,0.9022932206460641,0.4432401449470101
1980-10-12,0.768034753834862,0.912018837076847,0.4466044894098381
1980-10-13,0.7821367158775359,0.9174717615385655,0.44324335777795576
1980-10-14,0.7949355427330824,0.9254100643489965,0.4340749333089034
1980-10-15,0.7997827961584292,0.93225662265234,0.4211251523657098
1980-10-16,0.8133710542715428,0.9268320974218599,0.430312834910884
1980-10-17,0.854828247384987,0.9236034439609876,0.44381913161759606
1980-10-18,0.8825808930128896,0.9242860170282612,0.47294989073299615
1980-10-19,0.8927975686522791,0.9215169309198771,0.5088848337542734
1980-10-20,0.8925163476538216,0.9341787020614601,0.5186122627149753
1980-10-21,0.887180737764087,0.9488306651936446,0.5088495295162765
1980-10-22,0.8809923242517185,0.9545402530926504,0.49433572691756256
1980-10-23,0.8816026386141683,0.9495296626492078,0.48191939931697625
1980-10-24,0.8896732378809997,0.9444664099118155,0.48919473547197456
1980-10-25,0.912365721392679,0.9407636106590029,0.510720702810636
1980-10-26,0.9244215834781222,0.9420622645884381,0.5248501766036169
1980-10-27,0.9216622869434086,0.9464867590958236,0.5213938071507832
1980-10-28,0.918290348852979,0.9438685548521475,0.5693009376744051
1980-10-29,0.912285141196541,0.944664454696178,0.6082844381408177
1980-10-30,0.9095238839397952,0.9450345854077764,0.6199857520885613
1980-10-31,0.9045462568687953,0.9435115687346036,0.623674880949442
1980-11-01,0.8995621941090882,0.9442440961083082,0.6072579293117618
1980-11-02,0.8941623168062219,0.9456501067048199,0.5843428620683281
1980-11-03,0.8955146107997708,0.9474658851210424,0.5639990502738065
1980-11-04,0.9002163955208736,0.9475127806013792,0.5507868130314829
1980-11-05,0.9044594086721223,0.9491552741009749,0.5454132352534983
1980-11-06,0.9100705352593432,0.9558183458504679,0.5287453616269595
1980-11-07,0.916062471006142,0.9695373475713536,0.5086740935021559
1980-11-08,0.9244768992241259,0.978666870310344,0.48876945412253414
1980-11-09,0.940341501811865,0.9795392141816182,0.4771503342166338
1980-11-10,0.9553989675321957,0.9815185703098068,0.4674557792739463
1980-11-11,0.9554430333202989,0.9961716246896805,0.4623432353383522
1980-11-12,0.9548445506969999,1.00001133117916,0.45600079060624504
1980-11-13,0.9668828085656979,0.9999059675931168,0.4450988039336773
1980-11-14,0.966763103784132,1.0061062195440962,0.43400760258884413
1980-11-15,0.9698177985095076,1.0094480367745013,0.4520422114240731
1980-11-16,0.9883803785390932,1.013095371507174,0.4786577934489341
1980-11-17,0.9955601976940189,1.0264154829137613,0.5033643813663158
1980-11-18,0.9980853913530372,1.0391215590123413,0.5568359158559705
1980-11-19,1.0016901992913638,1.045893255944144,0.5620672133649851
1980-11-20,0.9994682360043823,1.0675434056159232,0.5565621924137452
1980-11-21,0.9957208542506907,1.072727942207891,0.548689942821524
1980-11-22,0.9915692133398262,1.0674540923028102,0.5396129879597681
1980-11-23,0.987314027815373,1.0630249439348245,0.5443712261835706
1980-11-24,0.982380665800805,1.0640739042394625,0.5737293745126449
1980-11-25,0.9781599998983898,1.0640275066114515,0.6126312620391929
1980-11-26,0.9846155704558707,1.0638682089135,0.6165179269083387
1980-11-27,1.000661478298431,1.0625046919088585,0.6400400867752287
1980-11-28,1.0065786953556635,1.0649436262179204,0.6709456705641231
1980-11-29,1.0080168658111537,1.0720922862338929,0.6669999184821043
1980-11-30,1.0040541360339441,1.0823172383946331,0.6575921480592906
1980-12-01,0.9983603396441871,1.086090064727294,0.6479322518306829
1980-12-02,0.9933615712079121,1.087387950820509,0.6402608043471143
1980-12-03,0.9905322363057103,1.0870298508626535,0.6428546293051997
1980-12-04,0.9893462164037433,1.0838393525896568,0.6348067081989586
1980-12-05,0.9862022273576745,1.0859942296196943,0.6232999977248458
1980-12-06,0.9901232553119045,1.0860660327083251,0.6151323249154972
1980-12-07,0.9972312632783125,1.085721598463283,0.6097061625397177
1980-12-08,0.993279458138707,1.0840387554507973,0.6219064750406526
1980-12-09,0.9874450207491555,1.080188010072301,0.6714613199923508
1980-12-10,0.9816527191706073,1.0764911149062528,0.7030057717177929
1980-12-11,0.9774317459330703,1.0734124268482383,0.715079946300326
1980-12-12,0.9789043747908247,1.0758929168008906,0.7104213738235434
1980-12-13,0.9799365472696194,1.0891654508562498,0.6982714533687916
1980-12-14,0.9851148840479093,1.090349304528192,0.6892028348009531
1980-12-15,1.0012779090402713,1.0982677220279793,0.6783083500785434
1980-12-16,1.017877992808452,1.1113694317445597,0.6706118139991005
1980-12-17,1.0202958985159494,1.12419132373219,0.6703898106375062
1980-12-18,1.0237510365939781,1.1238727902464127,0.6624337515897153
1980-12-19,1.0299302756458697,1.1189788232018856,0.6526944540259051
1980-12-20,1.042636074268537,1.1198125256271985,0.6552166251977433
1980-12-21,1.0528365934226298,1.1239866149760225,0.6600850793293651
1980-12-22,1.0530217305554868,1.1295940147735695,0.6623439893932469
1980-12-23,1.04823697935176,1.1382937805356228,0.658270144252627
1980-12-24,1.0496883754649244,1.142294230088059,0.6567861571347897
1980-12-25,1.0468069020846296,1.1428673814880956,0.6701043013937235
1980-12-26,1.0450683237141682,1.1432147151420506,0.672846992652924
1980-12-27,1.0435707902514155,1.1452819145643502,0.6693910480894014
1980-12-28,1.0436487685282374,1.1457139059177783,0.6627109952129527
1980-12-29,1.03703643482054,1.1420650114201234,0.6584235797331924
1980-12-30,1.0306710033368227,1.136664959753302,0.6538432093825981
1980-12-31,1.0254409634031538,1.1331272339692735,0.6520217451138035
1981-01-01,1.0214790438548746,1.1294395166132352,0.6406076632424716
1981-01-02,1.0206739522039527,1.1277518141538145,0.6302021293597453
1981-01-03,1.0246999061231508,1.1224696232003508,0.6206174666528655
1981-01-04,1.0452145344781274,1.129084811808546,0.6118779280148986
1981-01-05,1.0502712673847145,1.133769685043562,0.6104195534353706
1981-01-06,1.0415807778036208,1.1347288175369248,0.6083339197038699
1981-01-07,1.037438587131976,1.1353724690367195,0.6165051360981082
1981-01-08,1.0313013599182226,1.130189629455622,0.6249496089281797
1981-01-09,1.0224668372651087,1.1251107857389802,0.6199871247506243
1981-01-10,1.020086396623034,1.1202382614409643,0.6173559665944849
1981-01-11,1.022533424121134,1.1151915948978475,0.6179610667727022
1981-01-12,1.0180041342309272,1.110022968541789,0.6196290989072799
1981-01-13,1.015104043451492,1.104801322676946,0.6190439169035455
1981-01-14,1.0130675664394528,1.1030507945098318,0.6104928190511246
1981-01-15,1.0239692770697846,1.110342747409108,0.5999612500480298
1981-01-16,1.0438014043635309,1.117976856791304,0.5917827883687242
1981-01-17,1.0459580948483074,1.1181985889395776,0.5914173072067807
1981-01-18,1.0545126017233994,1.11417864057276,0.5926090251646499
1981-01-19,1.0514048930846909,1.1095941727707432,0.5841033210685487
1981-01-20,1.0520901790740063,1.105608032981971,0.5795689950010956
1981-01-21,1.0553811955947139,1.102913879959698,0.60544735133269
1981-01-22,1.0485045199723466,1.0998743360229466,0.6142047912763985
1981-01-23,1.0411099493355487,1.0952369718049335,0.6117180824690132
1981-01-24,1.0339718456898654,1.0907123296819643,0.5985270671255295
1981-01-25,1.0279307832977325,1.085895944195501,0.5803375819820387
1981-01-26,1.024160437393756,1.0809978839410115,0.5677271163845655
1981-01-27,1.0185161930241309,1.0765532533127042,0.5600854937138864
1981-01-28,1.012904888046712,1.0719661138199446,0.5549741811886282
1981-01-29,1.0061765286907145,1.0672173711162685,0.5486730642779469
1981-01-30,1.00018236139741,1.0636056651338752,0.5429446772385638
1981-01-31,0.9938798129525094,1.0611010889385488,0.5522201119900992
1981-02-01,0.9874032324277944,1.064180989642847,0.5581439101015584
1981-02-02,0.98206313441157,1.0708307095261917,0.6162389880669535
1981-02-03,0.9773936004691215,1.07570850957979,0.6429994250170947
1981-02-04,0.9912465632285847,1.0861322317753714,0.639290085115167
1981-02-05,1.0063722488732456,1.097011518294232,0.6406659156540868
1981-02-06,1.0037602176956382,1.1088717155160555,0.6414863362636993
1981-02-07,1.003425593503852,1.1151909803739004,0.6512545678083802
1981-02-08,1.0078723286047553,1.1170656945407542,0.6550672603427957
1981-02-09,1.0085447195401709,1.1242710795946076,0.6589795217474905
1981-02-10,1.0097194446361282,1.1243442553184293,0.6571652115900837
1981-02-11,1.0117812910672914,1.1229214513199697,0.7287198781262734
1981-02-12,1.007716733134232,1.1218936585330344,0.7693489379394547
1981-02-13,1.0013814686609914,1.1221396512329413,0.764729816529603
1981-02-14,0.994940548979679,1.1233629305220314,0.7556332642767845
1981-02-15,0.9875968861123801,1.1206688916713716,0.7460474206210528
1981-02-16,0.9805760837104349,1.116342692702696,0.7410097045704441
1981-02-17,0.9739131117223622,1.111880357366772,0.73928942522068
1981-02-18,0.9684390587811098,1.107797193906747,0.7422182084665951
1981-02-19,0.9635668631253217,1.1028940918005832,0.7525006101334258
1981-02-20,0.9609307017061253,1.099729213784007,0.747020136894167
1981-02-21,0.9571572962987079,1.0971842510983993,0.7353658743575627
1981-02-22,0.9535020097628958,1.0948167199820102,0.7264650184855173
1981-02-23,0.9546812116223509,1.0944176409341297,0.7346859668527954
1981-02-24,0.9542728130253635,1.095049644198673,0.7269658665799307
1981-02-25,0.953317783820221,1.0914025372838279,0.7055514640333518
1981-02-26,0.9492546337114973,1.086288415284676,0.6883516933768669
1981-02-27,0.94874018425592,1.0808330499211138,0.6753513053653564
1981-02-28,0.9636983505701057,1.0766565083261972,0.6623755187095315
1981-03-01,0.9783514265520791,1.0721250944703884,0.688557283200348
1981-03-02,0.9841578878750482,1.0673201811442525,0.6990709362661756
1981-03-03,0.9954857790548537,1.0656041302890855,0.6948035902290759
1981-03-04,1.0069887338198318,1.068638841597361,0.7045573064874857
1981-03-05,1.004051200011265,1.0801846632526653,0.7603126679073181
1981-03-06,1.0010402969256549,1.0832164880345152,0.7814806898423593
1981-03-07,1.00463065109672,1.0812216711812908,0.768612052634297
1981-03-08,1.004750098532106,1.081192659063642,0.7689782622001597
1981-03-09,1.0121403155613404,1.1053898743626,0.7603215550547037
1981-03-10,1.0213244295711843,1.1246091718769522,0.7474278368882107
1981-03-11,1.0295615068347554,1.141597623231293,0.73157989026695
1981-03-12,1.041898808147004,1.1502922231012855,0.7183886935540938
1981-03-13,1.0591923198920905,1.1575681206674766,0.7014871348646523
1981-03-14,1.0613213724587116,1.1623882746988021,0.6840825002182547
1981-03-15,1.0572994436201668,1.1621860050958341,0.668732062616684
1981-03-16,1.0539981694699534,1.1603873808811493,0.6692421100700207
1981-03-17,1.0513209706415323,1.1636764246354891,0.6622806323628073
1981-03-18,1.048717002978272,1.1630038768070934,0.642598427886563
1981-03-19,1.0403074870680409,1.1664061920690276,0.6547115550856033
1981-03-20,1.0296471856921279,1.1762039435487406,0.6428282447582685
1981-03-21,1.0199761677086636,1.177201092694679,0.6255269437281218
1981-03-22,1.0136472326273323,1.172713239773779,0.6212774779847053
1981-03-23,1.0117175188246073,1.1669392931780591,0.6644403307606794
1981-03-24,1.0236466625406055,1.164165533533825,0.6565282929560476
1981-03-25,1.0244829841849108,1.1664296570817645,0.6392491621796341
1981-03-26,1.022711786596479,1.1651626137385522,0.6350717812604738
1981-03-27,1.0295919036014824,1.1626521634620144,0.619459362867649
1981-03-28,1.0194703146973176,1.169146908480188,0.609585829389968
1981-03-29,1.024539981843064,1.1586970077542658,0.6042542119606709
1981-03-30,1.0369700971925397,1.1458285069225589,0.6325578914637305
1981-03-31,1.0447466613863379,1.1318475944692137,0.6606020850813725
1981-04-01,1.0488645606593243,1.119048991710152,0.642009818740862
1981-04-02,1.0486871187185667,1.1078108406403484,0.6408871340857496
1981-04-03,1.0428251903847074,1.1006275630152165,0.6177516717519992
1981-04-04,1.035242394061456,1.093597531861138,0.6088962146294505
1981-04-05,1.0259689412983357,1.084146895529004,0.6232106038183273
1981-04-06,1.0177523247328215,1.077206301149333,0.6336014463399366
1981-04-07,1.0112379161672158,1.0677108782289875,0.6130432324061277
1981-04-08,1.0021527909430614,1.0553200337119297,0.5960980717620674
1981-04-09,0.9963276091569784,1.0412760685157985,0.5909781524254061
1981-04-10,0.9876174102086401,1.0292985694656784,0.5920055728717659
1981-04-11,0.9853264154142074,1.0261754552400533,0.585850829157901
1981-04-12,0.980763922853956,1.019296519308659,0.5898514278337726
1981-04-13,0.97558501591478,1.0036581992079978,0.5945597709274739
1981-04-14,0.9658716891240321,0.9833910200870661,0.5974095673712555
1981-04-15,0.9559262220795323,0.9677169950986222,0.6101314611246725
1981-04-16,0.9440159932677658,0.9543580219375722,0.6036349907780946
1981-04-17,0.9348762197288358,0.9516953236514203,0.6007610849109295
1981-04-18,0.9250812588636522,0.9529157823177408,0.6071644537586263
1981-04-19,0.9101859523197215,0.953409179737032,0.6142659315139297
1981-04-20,0.8996176111565723,0.9601816055013317,0.6340502002370295
1981-04-21,0.8933949446640289,0.9593102352067522,0.6588732440225872
1981-04-22,0.8831382892551315,0.9499844700987922,0.6589733372713351
1981-04-23,0.8837746120405753,0.941369118784245,0.6792597411702533
1981-04-24,0.8856016307598499,0.9338282635466915,0.7088475260625895
1981-04-25,0.8829089061956454,0.9332997994565068,0.6936748864090092
1981-04-26,0.8865631493377482,0.9324099202663628,0.6730416030341636
1981-04-27,0.8945618629041755,0.9254063076967765,0.6464735022478975
1981-04-28,0.9080801953427516,0.9306210254650069,0.6254229825914414
1981-04-29,0.9108653156773876,0.934316083003724,0.6167122656264893
1981-04-30,0.9078641557125176,0.941762893718308,0.6116272512240596
1981-05-01,0.9086977507117652,0.9429535410714479,0.6071087730454814
1981-05-02,0.9100908506535671,0.9420353698596506,0.6136949249843728
1981-05-03,0.9160707181340568,0.9432387427029697,0.6001003442662165
1981-05-04,0.9168048310982293,0.9411828315922235,0.5997423551727805
1981-05-05,0.9270079199151142,0.9451174364664602,0.6101982169062867
1981-05-06,0.9239171277244417,0.9579204002758904,0.6264107604065741
1981-05-07,0.9116692743487033,0.9714113777663914,0.636504115741153
1981-05-08,0.9034802064119279,0.9726811880280595,0.6383613336341664
1981-05-09,0.9052084983034879,0.9653756036388269,0.637040897004683
1981-05-10,0.9064838553559667,0.9493418213982441,0.6659547848959996
1981-05-11,0.9123114326406208,0.9298802966644599,0.6972557348941364
1981-05-12,0.9249706852798653,0.9104453290289315,0.69402742446058
1981-05-13,0.929594275109972,0.8994974269996259,0.6715115641940039
1981-05-14,0.9280370774892552,0.8937169166421892,0.6734178891364876
1981-05-15,0.9261997010609798,0.8791627846586708,0.6855243444933159
1981-05-16,0.9221552564451343,0.8559496135782166,0.682485368127872
1981-05-17,0.922272351664901,0.8273133110084893,0.7051099864858048
1981-05-18,0.9207715834454243,0.8008211016066316,0.7187748324553163
1981-05-19,0.9030572533668559,0.7767193778091662,0.7515869717393617
1981-05-20,0.8815255143181708,0.7589028013590584,0.7812323516994715
1981-05-21,0.8667419298277728,0.7461991859336045,0.7707232537379548
1981-05-22,0.8663353063820102,0.7288982082060456,0.7389109625831041
1981-05-23,0.8706395260820577,0.7167307345846764,0.7114306815813602
1981-05-24,0.8691815623470265,0.7087267199272829,0.6946072878901479
1981-05-25,0.8722781910816629,0.6953243661624386,0.6981325453344083
1981-05-26,0.8983629671014087,0.6735920966148123,0.6984214390190594
1981-05-27,0.9151242632876178,0.6508541307266291,0.7280588225922013
1981-05-28,0.9290365729457434,0.6296668316667332,0.7446086758800361
1981-05-29,0.9236009037754842,0.6317228271161521,0.7348793420620355
1981-05-30,0.919955924521001,0.6292825697947088,0.7336740695751103
1981-05-31,0.9076739194373753,0.6261761918765194,0.7496186909039652
1981-06-01,0.89481691485634,0.6175502003591882,0.7482491489884364
1981-06-02,0.8800783507515452,0.5999276232006175,0.7576941239950885
1981-06-03,0.8693004361448826,0.5859264265193576,0.7744956017256538
1981-06-04,0.8906766082065456,0.5731325524329075,0.79325040005237
1981-06-05,0.894001262905918,0.5585588825406327,0.805732492356011
1981-06-06,0.8811553082662996,0.5650095952394155,0.8150218270506593
1981-06-07,0.8729085260583792,0.5577613088932675,0.8279543116594676
1981-06-08,0.8582550236142713,0.5542311636423148,0.8131000269232912
1981-06-09,0.8546726785952964,0.5435154095759157,0.7845081478744153
1981-06-10,0.8589492672962548,0.528544806464699,0.7615491163284592
1981-06-11,0.8477593897831208,0.5214516278184702,0.7646333487251784
1981-06-12,0.8266475506142967,0.5180603498074325,0.77784947979488
1981-06-13,0.8094187655580121,0.5118657427686295,0.7831972374616978
1981-06-14,0.7881547208201869,0.5319455349854412,0.7756817541716339
1981-06-15,0.7636293456770307,0.541753141218713,0.7541630361508218
1981-06-16,0.7399172455601266,0.5467658910185741,0.7627004162989117
1981-06-17,0.7291826628240826,0.5579966137049458,0.7698218498363676
1981-06-18,0.7231420880584698,0.5797255586688188,0.7427906534825377
1981-06-19,0.7241080431530967,0.5942269084407261,0.7185791980041568
1981-06-20,0.719649926263864,0.6122103718775458,0.7079939828382202
1981-06-21,0.7156343740418092,0.6039583920107601,0.693931974381893
1981-06-22,0.7154567811173979,0.6168790601413293,0.689222938152993
1981-06-23,0.7118135635987349,0.6237382982327554,0.6843956605856015
1981-06-24,0.7065823247212557,0.6240459747127474,0.6647424284360485
1981-06-25,0.7037307203720806,0.6261485801006872,0.6433413219446523
1981-06-26,0.7132525035640709,0.6201513627506089,0.637134558319091
1981-06-27,0.7316602017915339,0.6176899772586595,0.6240473143737317
1981-06-28,0.751296819243354,0.609606166063854,0.6091270565182606
1981-06-29,0.7846710505453094,0.592250029098009,0.5916631078664729
1981-06-30,0.7955830795636932,0.5739215098545605,0.5851271232510753
1981-07-01,0.7883865283773397,0.568303578735224,0.5992203391514757
1981-07-02,0.7742104101142375,0.572269739226698,0.6211121760300592
1981-07-03,0.7800955564469146,0.5622210673711264,0.6398621395348244
1981-07-04,0.7956708528259788,0.55272345621237,0.6557669774148557
1981-07-05,0.7848762845011893,0.5686442226048991,0.6619942787673951
1981-07-06,0.7715283086123433,0.5720444262211172,0.6908856040737316
1981-07-07,0.7570607246034603,0.5729380972117196,0.6912394595926518
1981-07-08,0.7401781840027524,0.5755386612920782,0.6751818343917525
1981-07-09,0.7283363033079855,0.5767658643735946,0.6511765989375672
1981-07-10,0.7299665680902495,0.5881674528248223,0.6221669570384015
1981-07-11,0.7326203397718866,0.5915470777919767,0.5976631729662882
1981-07-12,0.7294819373814594,0.5829418664573743,0.5732967071236306
1981-07-13,0.7256456761799853,0.5706340833388746,0.5565102041320369
1981-07-14,0.7252183443974484,0.5611545247861897,0.5399621758639003
1981-07-15,0.7188789026784871,0.5582990276707243,0.5249875737016226
1981-07-16,0.7099852207440751,0.5556355144141666,0.5205706527775283
1981-07-17,0.703057166829621,0.5477890476402555,0.526217067057037
1981-07-18,0.7116427017882698,0.5345137616344935,0.5237494876688202
1981-07-19,0.7435738845772503,0.5205652877438333,0.5248222403583626
1981-07-20,0.7586373882713321,0.519458779616998,0.5335773126582773
1981-07-21,0.7622324037094047,0.531426330775158,0.5349440264965555
1981-07-22,0.7609366160368026,0.5310908764024135,0.531547024237075
1981-07-23,0.7680768865370997,0.5344222860381491,0.5219011199521638
1981-07-24,0.7866248802385847,0.5149871575625504,0.5228315423377855
1981-07-25,0.8014427012608057,0.5035368608544013,0.5202095574672937
1981-07-26,0.8026680819317511,0.5084147966884265,0.5332586252206444
1981-07-27,0.7978937337645642,0.5122723924472483,0.5421611028739903
1981-07-28,0.7911910977538735,0.5316665415976254,0.5687016948296065
1981-07-29,0.776742650287299,0.5511959007879399,0.5928423892404574
1981-07-30,0.759264265745441,0.5543322435731782,0.6068922040498739
1981-07-31,0.741007543689931,0.5526930586162423,0.6069198325588362
1981-08-01,0.7367390077163495,0.5591435901047154,0.5990944771668274
1981-08-02,0.7442194632194072,0.5635680676543826,0.5963966657284093
1981-08-03,0.7505012255697587,0.5543172711260148,0.5989403302447438
1981-08-04,0.7415892144553572,0.5514429014138242,0.5909417340281219
1981-08-05,0.7243682360656634,0.5449617811906233,0.573447869459262
1981-08-06,0.7065458371794928,0.5334343844688955,0.5578361777481781
1981-08-07,0.7069266535816333,0.514924481678643,0.5706123497451655
1981-08-08,0.7130376681745165,0.49778067162049916,0.5907663859607274
1981-08-09,0.7210317717071432,0.48248393360009184,0.5866281319608369
1981-08-10,0.7317720499892789,0.4816714115758968,0.5746333343754548
1981-08-11,0.7446546943366493,0.4896583889476744,0.5666395147341388
1981-08-12,0.7455085618526173,0.4871479351353555,0.5600080007540497
1981-08-13,0.7385926562123954,0.49623821747344393,0.5528643268249908
1981-08-14,0.726425264479991,0.49986423925706464,0.5458961358774409
1981-08-15,0.7102196547029368,0.49789039855516015,0.5268955736616412
1981-08-16,0.6931684685313128,0.4925140091444531,0.519393811414282
1981-08-17,0.6883638013640477,0.4873193425090226,0.5404887542046267
1981-08-18,0.6844488841876282,0.4917398633297824,0.5657425130118583
1981-08-19,0.6698379753865333,0.49810533568494053,0.5763359524820018
1981-08-20,0.6607557201779728,0.49909880182789107,0.5728377779740976
1981-08-21,0.6755768322611467,0.4921383595496063,0.5608112433016449
1981-08-22,0.68031639114026,0.4878311300052029,0.5529326029892057
1981-08-23,0.6751984717885944,0.4972004276575681,0.5332755162390254
1981-08-24,0.6729799328342698,0.5079381390087289,0.5222381049429993
1981-08-25,0.664845863817396,0.5258135364741293,0.5012691937669058
1981-08-26,0.6489070479825353,0.5394225421686987,0.4830333878772764
1981-08-27,0.6383890314913573,0.5658947357835897,0.49105462548583767
1981-08-28,0.6270454425465575,0.5827908641981281,0.5019573156430626
1981-08-29,0.6177588159805071,0.6043928487229715,0.5046593074558129
1981-08-30,0.6117133804808753,0.6123907490936294,0.5045690790916508
1981-08-31,0.6091782975649268,0.6161823774916877,0.513279534375258
1981-09-01,0.6130079249531513,0.6114631215277553,0.5275056358706269
1981-09-02,0.6172280918351558,0.6151260947147689,0.5630453685037718
1981-09-03,0.6151438051439179,0.6222022356637978,0.5753561461199603
1981-09-04,0.6143273030201472,0.6202760970521604,0.5867627198997901
1981-09-05,0.6081224896087405,0.623295414082289,0.5861781873655679
1981-09-06,0.5936672767871488,0.6256143188680372,0.5779472023267828
1981-09-07,0.5767854604064028,0.6263319412152853,0.5747931901140548
1981-09-08,0.5675044205590558,0.6207140738556085,0.5744635768165113
1981-09-09,0.5725192913999477,0.612510272792234,0.5704359055673033
1981-09-10,0.5829627761961859,0.6090930930359545,0.5436333860457557
1981-09-11,0.5906100457061167,0.6084628079183569,0.5185661361319932
1981-09-12,0.5932929635944899,0.6171506586087836,0.49758294386560836
1981-09-13,0.5984601575960049,0.6256830434412519,0.48404035476360124
1981-09-14,0.6022649275620248,0.6355361527616021,0.473439607828908
1981-09-15,0.6037562724972507,0.6537799478182563,0.49175129850289195
1981-09-16,0.6038482818631239,0.6788573531422656,0.5259577916544063
1981-09-17,0.6031467236279069,0.7052188205177432,0.5390063959726445
1981-09-18,0.6018127207628329,0.7195306233353435,0.535218150199974
1981-09-19,0.6199415946775484,0.722953729500785,0.526994931181423
1981-09-20,0.635278691010557,0.7242062493704563,0.5128916609855354
1981-09-21,0.6435397249159748,0.7268334267444906,0.4909027442177648
1981-09-22,0.6603525486466295,0.7218462239246046,0.4744832124170742
1981-09-23,0.7038638816771254,0.7122723870190643,0.471521407834337
1981-09-24,0.7143868589820598,0.7024654729655563,0.4656230791219586
1981-09-25,0.7257723978904578,0.7037559026108463,0.4707788987059078
1981-09-26,0.7407050697113308,0.7049093950226463,0.47212232892064304
1981-09-27,0.7732287088876609,0.696274460866934,0.4680088837897041
1981-09-28,0.7883541240521996,0.6854504034891815,0.4612092643274847
1981-09-29,0.8062437159517535,0.6785439111479289,0.4494030477121927
1981-09-30,0.8099456383404494,0.6836763884783112,0.44322587308325667
1981-10-01,0.8031397813278326,0.6886189997358549,0.43625684443122237
1981-10-02,0.8145951773631713,0.6875468202703148,0.4365938172883796
1981-10-03,0.8314031177528907,0.6900554202679382,0.4396413518488475
1981-10-04,0.8477411533545841,0.6948667271120298,0.44395652531529434
1981-10-05,0.852224383886195,0.6944920953481061,0.4393816497645661
1981-10-06,0.863849671992675,0.6951393456648035,0.4416567991235844
1981-10-07,0.871864653748099,0.7029222057065673,0.45405242987357947
1981-10-08,0.8695494969805037,0.7038768422508482,0.4869555303764414
1981-10-09,0.8628669199018965,0.706688938191647,0.4956962950712009
1981-10-10,0.8639492721494454,0.703819830532219,0.5022149760273279
1981-10-11,0.8791374811472801,0.7035655764420461,0.5182636886050084
1981-10-12,0.895096627640386,0.7213014520599266,0.531928657928063
1981-10-13,0.9076470280973253,0.7451898245598548,0.5480934107210342
1981-10-14,0.9037021099211865,0.766726316005011,0.5779828299733358
1981-10-15,0.9090956554625591,0.7933394431690907,0.59495673268455
1981-10-16,0.9293702419557799,0.8029240288241175,0.6038275518504429
1981-10-17,0.9216423531424678,0.8230333546246795,0.6107363886628312
1981-10-18,0.9252527004873491,0.8231525375545355,0.6271397241062603
1981-10-19,0.9305590150718529,0.8256776696143029,0.6498395536785196
1981-10-20,0.9285533819938173,0.8396055372463309,0.6407973624110809
1981-10-21,0.9427658004913594,0.8374376552645778,0.6216763783945324
1981-10-22,0.9520234540079745,0.8371437751163451,0.6112002985552701
1981-10-23,0.959109240230234,0.8456964262226125,0.641593841738458
1981-10-24,0.9562883215647593,0.8545644290050045,0.6621724201882919
1981-10-25,0.9535181582188837,0.8823701243716026,0.6584608425447664
1981-10-26,0.9656649780665336,0.8935386792691424,0.6934848565198586
1981-10-27,0.9765578199532169,0.8929239745682469,0.7489680976351981
1981-10-28,0.9824542922839079,0.9002496067334913,0.7586229636454672
1981-10-29,0.9787212973555147,0.9113766992211147,0.7439188536211717
1981-10-30,0.981742619002957,0.9100554962820424,0.7284057477950657
1981-10-31,0.9942492632219556,0.910313958844602,0.7178910861063598
1981-11-01,0.9930131325384748,0.9175602090083486,0.7430072925651955
1981-11-02,0.9881636531079407,0.9248423488635324,0.7716551356758783
1981-11-03,0.9811437115949871,0.9366574949647929,0.7741428919562406
1981-11-04,0.9753690797263342,0.9426288800917615,0.772257370261059
1981-11-05,0.9691395362925674,0.9394424182596098,0.7697066504753455
1981-11-06,0.9637142981243995,0.9388708544670318,0.774850721778588
1981-11-07,0.9568181297379259,0.9477897085746413,0.7623095084214456
1981-11-08,0.9516330544390386,0.9514288806528008,0.7440500456621764
1981-11-09,0.9456268705289336,0.954024921650261,0.7508422404359166
1981-11-10,0.9390485728457284,0.9560495974540386,0.7584230336962832
1981-11-11,0.9328036247793668,0.9587405826227507,0.7633844234351932
1981-11-12,0.9292195386348202,0.959245559036426,0.7537932999656215
1981-11-13,0.9268334347129414,0.9615167911734231,0.7385985149532984
1981-11-14,0.9273752658774934,0.9662290240923278,0.7231167166889406
1981-11-15,0.9247897994373964,0.9717603851249262,0.7070113911676458
1981-11-16,0.9207304456191141,0.9783330861181804,0.6917386859899782
1981-11-17,0.9165486903123188,0.9824900937377218,0.6864124120823993
1981-11-18,0.9156299747487076,0.981951237113516,0.6762405893658883
1981-11-19,0.9164133906543838,0.9813377936970601,0.6624168019313811
1981-11-20,0.9187681898204029,0.9840611507900725,0.664558547098598
1981-11-21,0.9178489763584261,0.9853327756588435,0.6710246554953608
1981-11-22,0.9175315729121049,0.9963853851389897,0.6643549786122708
1981-11-23,0.914312147109487,1.00722930336928,0.6530362682302913
1981-11-24,0.9154894144698135,1.0165987359685527,0.6487049634447049
1981-11-25,0.9168087803789478,1.0251635107431398,0.6544303650228542
1981-11-26,0.913261436482467,1.0280382309124032,0.6461185924403735
1981-11-27,0.9141588294752576,1.0259965314172332,0.6432728031365149
1981-11-28,0.9315585642715639,1.025067240480532,0.653621823327349
1981-11-29,0.9359256630813131,1.0257632692937106,0.6476872267436916
1981-11-30,0.9342619403364031,1.0335106648133432,0.6534989041850198
1981-12-01,0.94594815295315,1.0383993714514348,0.7104655582805322
1981-12-02,0.9485975178734528,1.0428572367874962,0.7422463063043971
1981-12-03,0.943202005486577,1.0447744238589074,0.7426949587366819
1981-12-04,0.9392087717454691,1.044123565751171,0.7304009754239676
1981-12-05,0.9480595190130231,1.0450046145079779,0.726232543452673
1981-12-06,0.9432120376448401,1.04512530293398,0.718291123465717
1981-12-07,0.9466967023964462,1.0466484083317125,0.7103388975177299
1981-12-08,0.9551767399390861,1.04932680549973,0.699821367800189
1981-12-09,0.9756504273545163,1.0563008295166487,0.6892346038466717
1981-12-10,0.9748213952899462,1.0720574343600338,0.6823928595769715
1981-12-11,0.9757880416560046,1.0701027550754132,0.6790607249115177
1981-12-12,0.9933899797507971,1.069696291944505,0.6766707035106467
1981-12-13,0.9990956030446765,1.0932332793598036,0.6814228836263957
1981-12-14,1.0101811008154105,1.105593139791418,0.6833327222421081
1981-12-15,1.0174877150393375,1.1113684405673776,0.726185870263206
1981-12-16,1.0308109558944214,1.1116584615174963,0.7454481170546919
1981-12-17,1.0272662179148884,1.1112464502866688,0.7412678586319318
1981-12-18,1.0282248630312187,1.1088070503430063,0.7463645254762946
1981-12-19,1.0366793895439679,1.1046629393279859,0.750078223054026
1981-12-20,1.028739546211702,1.107342776850683,0.7487149464701707
1981-12-21,1.0243184790123414,1.1055407736907081,0.7489185847421033
1981-12-22,1.0273555896552573,1.1023413906335495,0.7576745716865789
1981-12-23,1.0337789152928312,1.0975164854951476,0.7837386253310575
1981-12-24,1.0391087197083748,1.1024296030748533,0.7933180994038612
1981-12-25,1.0431088994806736,1.1094345158547572,0.7969374968077216
1981-12-26,1.0346775128920107,1.1164036087412275,0.8130204335962532
1981-12-27,1.0335238379670966,1.122190767792741,0.8085337465369963
1981-12-28,1.0341717364560483,1.1219981932114262,0.8115205426505897
1981-12-29,1.0547465236032139,1.1176947327973732,0.8104681400911645
1981-12-30,1.0700079382796797,1.11767638957331,0.8128413026274998
1981-12-31,1.095069950920144,1.1269193665543995,0.8117133171445837
1982-01-01,1.1107619282396983,1.1380350577968772,0.8591021404670409
1982-01-02,1.1151802880118196,1.155281872087697,0.8593946493653748
1982-01-03,1.1137577615540952,1.1664742141735842,0.871246342572394
1982-01-04,1.114578513641282,1.1675409944139168,0.9206064904380609
1982-01-05,1.1154006416184634,1.177065959045936,0.9414363562036973
1982-01-06,1.1294667385872963,1.1890635626999355,0.9275599236760348
1982-01-07,1.1322808252478238,1.1905557809394005,0.9171718223503932
1982-01-08,1.1204484339122431,1.189553940359779,0.92243539915996
1982-01-09,1.1138313807246638,1.1801286927302472,0.9139736888463602
1982-01-10,1.1088209910323679,1.1707320331645912,0.9016036988997423
1982-01-11,1.1050956794608409,1.1626969434062477,0.8983286299232573
1982-01-12,1.1059892394160993,1.1564845471704275,0.895905346211313
1982-01-13,1.0980091406216153,1.1529142729883828,0.9017144534739336
1982-01-14,1.0889536617262539,1.14731291907584,0.9116901768090018
1982-01-15,1.0823783563304146,1.1401746315433174,0.9146688630558527
1982-01-16,1.0785580470245397,1.133987498912448,0.9125733823073396
1982-01-17,1.0815144198695943,1.1279938948426345,0.9139555340140197
1982-01-18,1.079352802753981,1.1225126241661962,0.9095469710579839
1982-01-19,1.0760094040962729,1.1171435874131705,0.9046530291814162
1982-01-20,1.0714755396340674,1.112230259798528,0.9137903738811038
1982-01-21,1.0665508691409407,1.1070739685518325,0.9198063726778828
1982-01-22,1.0631181045642126,1.102745552752538,0.9425076017039462
1982-01-23,1.0618085590219921,1.0983737811972278,0.9773054657348688
1982-01-24,1.058022947035397,1.0940642661786337,1.0023728760819632
1982-01-25,1.0545860318269908,1.0901080315595042,0.9877903767192787
1982-01-26,1.0488195813182204,1.0869878596251332,0.9738072038959247
1982-01-27,1.0537839704910534,1.0830566712359524,0.962266948004342
1982-01-28,1.0564736352884316,1.080348726234591,0.9501086998531879
1982-01-29,1.0500057476795963,1.0777828888778322,0.940692070193175
1982-01-30,1.0541778928454077,1.075865742283917,0.9446298317649917
1982-01-31,1.0668945377535217,1.082874064578609,0.9868598534407099
1982-02-01,1.0670208477863523,1.0862529936435399,1.0122616515791631
1982-02-02,1.0601790992701192,1.0825837621897025,1.001320351451517
1982-02-03,1.053208366341611,1.078770929445208,1.0239461423095852
1982-02-04,1.0484906248593528,1.0745902711494948,1.0559229589018633
1982-02-05,1.0428984796354555,1.0703447189190247,1.0422321970012167
1982-02-06,1.0370124134931193,1.065918785079779,1.0325342200421983
1982-02-07,1.0342604346241289,1.062608496797173,1.025265664674974
1982-02-08,1.0312685783338416,1.0635449798256718,1.011077895996072
1982-02-09,1.0311570066207596,1.067172656357046,1.0091649952411472
1982-02-10,1.0243920361789058,1.0677697869801233,1.0314220449736922
1982-02-11,1.0170577810377663,1.0640808929681715,1.0220553800516332
1982-02-12,1.012654250121031,1.0597321751326505,1.0102144967878524
1982-02-13,1.0096324252615536,1.057259564716289,1.0144434562195512
1982-02-14,1.0164420107928653,1.0547132877748828,1.011243288592113
1982-02-15,1.0182678543112478,1.0515871828406138,1.0080383518971117
1982-02-16,1.026910233658208,1.04904239754783,1.0270142320421782
1982-02-17,1.034142253976781,1.0454691198738186,1.057101360766265
1982-02-18,1.0358298333669715,1.0423394847267042,1.0621347270545425
1982-02-19,1.0344857245911774,1.040153197259788,1.04887135085635
1982-02-20,1.0328403330488587,1.037533523636928,1.0345227623976214
1982-02-21,1.0281467976572174,1.0350268915654024,1.0217101327369253
1982-02-22,1.0296949890738882,1.0327838928247777,0.9997931235195444
1982-02-23,1.03041527911232,1.0302780048021456,0.9750746652707807
1982-02-24,1.026138241171086,1.0281869170376565,0.9562654408994282
1982-02-25,1.022092324963066,1.0292600450793992,0.9422175661015694
1982-02-26,1.0220886945379244,1.036241349309363,0.9407683890025247
1982-02-27,1.0229449343825543,1.0414958980574944,0.9538613554764532
1982-02-28,1.0231314222329049,1.042451924682617,0.9717351472875972
1982-03-01,1.0214687933260944,1.0434741176402476,0.9650551742606133
1982-03-02,1.0261961971798532,1.046871563248134,0.95277464988147
1982-03-03,1.0295562338449153,1.0576538773466415,0.9402136071065628
1982-03-04,1.0336085368450805,1.0655905802984476,0.9361458806837586
1982-03-05,1.0365771695066002,1.0797564996787528,0.941582154389802
1982-03-06,1.033496197617453,1.0881394103866189,0.9398193308013219
1982-03-07,1.0272222861815734,1.0891466416776454,0.9568787590384473
1982-03-08,1.0226292531035381,1.0865899022315242,0.963958154691237
1982-03-09,1.0178771238848447,1.0815454985220194,0.9482424703389511
1982-03-10,1.0150278952341045,1.077562537088324,0.933058734050113
1982-03-11,1.027031912163942,1.0743101964737143,0.923238051464653
1982-03-12,1.0289408881786501,1.0792875449217953,0.9221745341867614
1982-03-13,1.0290531746450828,1.0823538991691943,0.9131581208670038
1982-03-14,1.0245509891273432,1.0832480620957374,0.908775396322204
1982-03-15,1.0184208334494387,1.0879030926146167,0.9362877104960123
1982-03-16,1.0128371273406265,1.0891243919198155,0.9470035915500699
1982-03-17,1.0161154880894847,1.0894088543495732,0.9495269878720811
1982-03-18,1.0291322718463647,1.088563350667329,0.9370299304252557
1982-03-19,1.0328392332971086,1.089819360220767,0.922496029785139
1982-03-20,1.0362928043179744,1.0960224674202115,0.9244125933029015
1982-03-21,1.0404043970250667,1.097878110794937,0.9138790028834498
1982-03-22,1.0371267157361206,1.094994609593012,0.9300575047018347
1982-03-23,1.0310689043959864,1.0893793778671719,0.917383837140993
1982-03-24,1.0215989151712224,1.0837538568057499,0.9032820023436716
1982-03-25,1.0110228892621238,1.076385115814137,0.9134424266528904
1982-03-26,0.9984640648065238,1.0733748247723225,0.9137084409096414
1982-03-27,0.9863885090125429,1.0780664989407678,0.8994162495760638
1982-03-28,0.9788758234448913,1.0821636230516871,0.8993280784608549
1982-03-29,0.9739821748098063,1.0773234464599366,0.8858928647321217
1982-03-30,0.9764712183525941,1.078617432816252,0.8753647402709498
1982-03-31,0.9840247251533564,1.0901417454560183,0.8676208721153724
1982-04-01,0.9856310938434937,1.0992889772401686,0.8676354906340663
1982-04-02,0.9888688158211142,1.0944201097349533,0.8456178797130445
1982-04-03,0.9833945665088516,1.0837819681566276,0.8556573852391958
1982-04-04,0.9767306511132332,1.074015059260615,0.8619942626454922
1982-04-05,0.9690033889932006,1.0767369326889134,0.8417454601347734
1982-04-06,0.9617627561859617,1.0707365466692622,0.8671956034536612
1982-04-07,0.9577117101297082,1.0563491501635514,0.8610165756591698
1982-04-08,0.956842314261027,1.0481557091918514,0.847735611372796
1982-04-09,0.9629387825959072,1.0434658323413173,0.8714454987746799
1982-04-10,0.951383688313216,1.0511095290410977,0.8663669614997747
1982-04-11,0.9437878507414128,1.0469542400763219,0.8615033538269607
1982-04-12,0.9391860435908466,1.047641181512833,0.8401832836780402
1982-04-13,0.9316810343431071,1.0467295458355135,0.8045436731644027
1982-04-14,0.9292912854568325,1.045674263534268,0.7852609618844925
1982-04-15,0.9197953141431763,1.0500142837814848,0.7704051752412118
1982-04-16,0.905980202930684,1.0462933196521285,0.7608652341302311
1982-04-17,0.8939796252592441,1.0478490520324424,0.7769977204426013
1982-04-18,0.8871436243352234,1.0554083546062663,0.8010403362649046
1982-04-19,0.8781114835693338,1.0561414230468913,0.7870540592960245
1982-04-20,0.8654095979535366,1.053992205498792,0.800066682173905
1982-04-21,0.8485091602234114,1.0551238436642814,0.8192716177502447
1982-04-22,0.8315197339533895,1.056438658537533,0.8115633260664277
1982-04-23,0.8125006939499566,1.0550188238894629,0.7972316581263571
1982-04-24,0.7981544262513136,1.059278702793595,0.7708280778970771
1982-04-25,0.7940813749598216,1.0651443200239046,0.7560605712105719
1982-04-26,0.7812259004857182,1.064498980426552,0.7874581681516565
1982-04-27,0.7736429659505849,1.0644309105434977,0.8051849862206155
1982-04-28,0.7610329859906786,1.0638864004601227,0.8076372631996542
1982-04-29,0.7455206856515235,1.0577124818577266,0.8084534272652605
1982-04-30,0.7463530827249413,1.0561511160762111,0.8058378140689983
1982-05-01,0.7443332650410359,1.0679073690437317,0.7995604336487039
1982-05-02,0.7463749480395322,1.067501815334655,0.7837870356461513
1982-05-03,0.7374864788152331,1.0639187776730474,0.7618095518316674
1982-05-04,0.7284022163083737,1.0513964543140044,0.7306454139393
1982-05-05,0.7455120084421588,1.0300621801855845,0.6984019815395459
1982-05-06,0.7625441595323106,1.0057467500858015,0.6929393734926732
1982-05-07,0.7732891810605823,0.9912772012331852,0.7168081888823625
1982-05-08,0.7747673847772494,0.9854345874056354,0.736732978019654
1982-05-09,0.7755668040593446,0.9749663688673101,0.7230367956616316
1982-05-10,0.7786612566300566,0.9702888863220052,0.6909142559142648
1982-05-11,0.7779573972553706,0.9612422234729286,0.6667322734503063
1982-05-12,0.7650827130940906,0.9597666288722311,0.649080481621013
1982-05-13,0.7429651259140652,0.9430356184458917,0.6613705464762859
1982-05-14,0.7189268517127073,0.9279672113715335,0.6793199005281717
1982-05-15,0.6981050275484504,0.9150101867539447,0.6854113062307607
1982-05-16,0.6874811512194074,0.8947400208932873,0.6726995401377477
1982-05-17,0.684310642812815,0.8715229362184431,0.6678952007600255
1982-05-18,0.6865705642552521,0.8473801698593624,0.6752057880204831
1982-05-19,0.6929766924512141,0.8230150751460343,0.671809912062341
1982-05-20,0.6897575879671332,0.8106524196584085,0.6649989753286206
1982-05-21,0.692521580842912,0.8027950606483633,0.6662948495016239
1982-05-22,0.690748961892578,0.7988207629852321,0.6621773556868772
1982-05-23,0.6933394344137259,0.7903460553542336,0.664734383161656
1982-05-24,0.7111348349464482,0.7871824109087291,0.6777815150175535
1982-05-25,0.7152871006518328,0.7900822837000405,0.6991648381951828
1982-05-26,0.6999517739525772,0.7926310737154659,0.714171594722929
1982-05-27,0.6883911270192237,0.7801451996096864,0.7241347742565085
1982-05-28,0.6872954068487429,0.7568769429345504,0.7237445111507625
1982-05-29,0.6932667828421344,0.733507578455546,0.7341520716964725
1982-05-30,0.6921341709774522,0.7252715412305245,0.7272907874141246
1982-05-31,0.678154629218249,0.7132000595031607,0.7173154823927784
1982-06-01,0.6649866916402146,0.6910600334545433,0.7325459681662968
1982-06-02,0.6535339123139214,0.6592566959452888,0.7240580588743061
1982-06-03,0.6465887482406808,0.6284951691989891,0.7124517161208773
1982-06-04,0.6416651659985232,0.6032490735455143,0.7152225664195263
1982-06-05,0.6337793896349052,0.58293583514436,0.741141281796403
1982-06-06,0.622287925671988,0.5666653684736331,0.738832771373392
1982-06-07,0.6181849678999809,0.5602374720352827,0.7153117561155733
1982-06-08,0.6167495298309633,0.5824490927153269,0.7024195524500003
1982-06-09,0.6059837252051747,0.5839565427666931,0.6916157393767242
1982-06-10,0.5980930897963204,0.5771127482358207,0.6877780179383954
1982-06-11,0.6012046879272781,0.5812158775656996,0.6876999449916975
1982-06-12,0.6217592297768193,0.5737372500389608,0.695775830557944
1982-06-13,0.6429922158491012,0.5803918528656159,0.7119667604718453
1982-06-14,0.6598397442596637,0.6017903234851051,0.7152171601340933
1982-06-15,0.6588844658745198,0.6324864459789588,0.6938690946606679
1982-06-16,0.65865335887553,0.6525769667618737,0.6984907317730009
1982-06-17,0.6625427609894597,0.6536773665702974,0.7335948616881528
1982-06-18,0.6539823650521793,0.6536648936186887,0.7313814255078739
1982-06-19,0.6603418425638148,0.6442053643505088,0.733089361047755
1982-06-20,0.6571160452854047,0.6442303239567162,0.7244818707665628
1982-06-21,0.6459514006689713,0.6451776833643745,0.7025370039443153
1982-06-22,0.6422895607052207,0.6434829027159918,0.6993661717471885
1982-06-23,0.6558235187675974,0.635228677840208,0.7032550586943711
1982-06-24,0.6672463741402008,0.636727008171981,0.6875911586259313
1982-06-25,0.6571628721156711,0.6469834632398686,0.6826537121002676
1982-06-26,0.6611964778371242,0.645783855332723,0.6838471864043844
1982-06-27,0.6763942577377892,0.6419993039855003,0.6900446616763899
1982-06-28,0.6822997409140087,0.6504602061883462,0.7149236867997515
1982-06-29,0.6764630375126993,0.6642103735390461,0.7296531998742343
1982-06-30,0.675725389766552,0.6675305365601012,0.7238075113574615
1982-07-01,0.6631700197684994,0.6723650722860618,0.7076045736863543
1982-07-02,0.6470155319454111,0.6886362890761211,0.6850575386765564
1982-07-03,0.634771673573351,0.6943830844589961,0.6642598789837454
1982-07-04,0.6496463917997526,0.691988348233758,0.6559883072978017
1982-07-05,0.6496950568072861,0.7037177211985869,0.6413297751564582
1982-07-06,0.6340285628754551,0.7067287747767154,0.6261977568672501
1982-07-07,0.6177951945172357,0.7078569249998907,0.6135248994175455
1982-07-08,0.6018922083134504,0.7259572016821282,0.6148097768837103
1982-07-09,0.5792963252585115,0.7261159820482523,0.6128247069035567
1982-07-10,0.5617070796423559,0.726102642486741,0.6131200764743368
1982-07-11,0.5460935503067949,0.7345319781487881,0.6283052700933814
1982-07-12,0.5344892498578675,0.7483667721252855,0.6280939302915255
1982-07-13,0.5356341938818092,0.7612562394864569,0.6212591309276704
1982-07-14,0.5378495336352485,0.7627685101193401,0.6074412791542477
1982-07-15,0.5353139530039914,0.7533149486452024,0.6002697466156655
1982-07-16,0.5309873600113855,0.7427794207765837,0.5900723383372475
1982-07-17,0.5294783535883345,0.7275637127814135,0.5785363524807549
1982-07-18,0.529465685978179,0.7131281786443313,0.5671550958681257
1982-07-19,0.5243868007701542,0.7024547374192353,0.5627237805883013
1982-07-20,0.527241515719148,0.6936002817901067,0.5657829816715075
1982-07-21,0.5209142819571532,0.677214878897794,0.5557740524339175
1982-07-22,0.5214353600193051,0.6589337387017106,0.5447524565345663
1982-07-23,0.529916380800854,0.6481577467337156,0.5532793252038642
1982-07-24,0.5357283014381979,0.640370871072534,0.5687103097751797
1982-07-25,0.5486010568192198,0.6304114793498711,0.5641244980594587
1982-07-26,0.5553915040026597,0.6289674504986791,0.5526481033242208
1982-07-27,0.5582184673726347,0.6352573073628871,0.535627912453095
1982-07-28,0.5612985775722923,0.6381206359841127,0.52659424551561
1982-07-29,0.5647148096443687,0.6364859891967222,0.5384105396218783
1982-07-30,0.5721963003695532,0.6388266518370104,0.5518224614058509
1982-07-31,0.5860510633233004,0.6313133738694932,0.5699839822297197
1982-08-01,0.597665857214053,0.6270678203992105,0.5839647402063204
1982-08-02,0.5915322601160102,0.6353006512309677,0.5874277818204742
1982-08-03,0.5992101527965934,0.6414131849666781,0.573195435280197
1982-08-04,0.6057506268631355,0.6398444299899252,0.5495889207130176
1982-08-05,0.6094856313742439,0.6324527581777486,0.5528187395855522
1982-08-06,0.6159127058266757,0.6309960331156492,0.5523920934749492
1982-08-07,0.6267952092837972,0.6211240064021615,0.5684547246160769
1982-08-08,0.6392432361705451,0.6120772394608913,0.5771693314051473
1982-08-09,0.638747411536796,0.605016521878906,0.5798046784019832
1982-08-10,0.6340015494885706,0.5960441302414182,0.5873341530867245
1982-08-11,0.6244083412080128,0.5899926802852008,0.5899978793591512
1982-08-12,0.6070398893738338,0.5917320883112033,0.5998994803924906
1982-08-13,0.5869137228876683,0.5858824031986664,0.5935006356796355
1982-08-14,0.5868889748747295,0.568287147728116,0.5980978638635893
1982-08-15,0.5837602708912919,0.5685623135276296,0.5966163758263168
1982-08-16,0.5907865169312267,0.5608248139982444,0.5973725104268098
1982-08-17,0.5888984911396522,0.5592027455552065,0.6046842312935932
1982-08-18,0.5933204481547268,0.5644352761617472,0.6167043060002373
1982-08-19,0.5833896678065287,0.5657322223634215,0.6117921183228854
1982-08-20,0.5835166391836449,0.5621762193675055,0.5938774296209934
1982-08-21,0.6038281458672057,0.5573445406988193,0.5797955697824654
1982-08-22,0.6058858477538063,0.5662894894433411,0.5659570696431128
1982-08-23,0.5952690668887242,0.5854120765864369,0.5502494420465419
1982-08-24,0.5932869786795026,0.5941460820947305,0.5492407202006702
1982-08-25,0.594831468266296,0.5969698839371251,0.5579579468531097
1982-08-26,0.5868663516294101,0.5973935743644078,0.5623861934859644
1982-08-27,0.5987404323298762,0.5935138212900447,0.5508938307361705
1982-08-28,0.6211249894573391,0.5850104549896558,0.5668470444407981
1982-08-29,0.630708112250733,0.5821542305456148,0.5688165392271448
1982-08-30,0.6171301116399782,0.5856126622492497,0.5559607105326302
1982-08-31,0.6068351174765797,0.5891166662348036,0.5660834631716902
1982-09-01,0.617335070146432,0.5884452808294428,0.5729017838524957
1982-09-02,0.6143082058721239,0.5852361068645874,0.5790301906690565
1982-09-03,0.6052691523385199,0.5795257803566741,0.5871306963728974
1982-09-04,0.5860506309796651,0.5858275752484935,0.5864255596641976
1982-09-05,0.5688420769252984,0.5800375144127278,0.5739991962664672
1982-09-06,0.5624546776782943,0.5638336921708781,0.5622899918451002
1982-09-07,0.5822312004265484,0.5501980116621715,0.55682591175811
1982-09-08,0.591014502465874,0.5410372411436994,0.5469493268547695
1982-09-09,0.5875028822422903,0.5403754982752335,0.5362712473778707
1982-09-10,0.5819361049024798,0.546632145033755,0.5358725924693848
1982-09-11,0.5736911000689288,0.5511868650121253,0.5379147563385147
1982-09-12,0.5653277117196136,0.5469417307222325,0.542771311166676
1982-09-13,0.5547060038930842,0.5421726680133638,0.5540288783936254
1982-09-14,0.5462154155252382,0.5360290925642808,0.5724036955401076
1982-09-15,0.5343548263157729,0.5348494740605358,0.5874246885296893
1982-09-16,0.5204916385469538,0.5293636169822509,0.5876579297555862
1982-09-17,0.513114131006857,0.5178248245544033,0.5793244656740231
1982-09-18,0.5021445884406243,0.509834999178748,0.5669288316583023
1982-09-19,0.4968714038994991,0.500748766202288,0.5649962768993492
1982-09-20,0.5017779283935195,0.49138367880698774,0.5689546746706375
1982-09-21,0.5085324557464864,0.4819628740761777,0.5731768947443564
1982-09-22,0.5208079104146297,0.475358209381909,0.5716345533587762
1982-09-23,0.5341168762047862,0.47725441327839074,0.557969989363181
1982-09-24,0.5398656252541747,0.48519335387881657,0.5424019018036492
1982-09-25,0.5535981637071122,0.49762181037655673,0.5470977143430309
1982-09-26,0.5882617969582574,0.5094679551790232,0.5466161840178654
1982-09-27,0.623886107107975,0.514736159159046,0.5552833731604907
1982-09-28,0.6278170036936854,0.5149815991796278,0.5498633427745668
1982-09-29,0.624432241627485,0.5169929889897169,0.5387263449433523
1982-09-30,0.6381742539070231,0.5224319211446342,0.530892205252623
1982-10-01,0.6545323052648354,0.5274275925194675,0.522327879509805
1982-10-02,0.6596638527977009,0.5375394355165947,0.520347376582936
1982-10-03,0.6641876312460777,0.5465523461980099,0.5129662501098456
1982-10-04,0.6644570000299331,0.5612512074619176,0.5075676700786524
1982-10-05,0.6827952863702136,0.5687448131572888,0.4980653510192624
1982-10-06,0.7064871908770486,0.5694596056539297,0.48955647621833465
1982-10-07,0.740426587677763,0.5754681809488099,0.501521184716201
1982-10-08,0.7703503843204074,0.5772708971218378,0.5227072251292362
1982-10-09,0.7840773625886702,0.5821368759224499,0.5502538114526652
1982-10-10,0.7924649098630695,0.5971005495643885,0.5739526523686912
1982-10-11,0.794504646758173,0.6070506580542642,0.5838320116848559
1982-10-12,0.8135649276492896,0.6157193660853433,0.5807829763604815
1982-10-13,0.8320103721953896,0.6265833434256797,0.5996307662378343
1982-10-14,0.8747103052609311,0.6362989491631775,0.6266903762719621
1982-10-15,0.8875510332619947,0.6472598743838426,0.6119370444345189
1982-10-16,0.887822902322571,0.6558614667432114,0.5932037562867625
1982-10-17,0.8888558482617036,0.6708868186113411,0.5776468648833868
1982-10-18,0.8914268645041965,0.6877833169880355,0.5628111116132662
1982-10-19,0.9025544401049597,0.6980673026775853,0.5479856964498553
1982-10-20,0.9052712311288807,0.7016471267955093,0.5462794769660236
1982-10-21,0.9014930701890763,0.7016248514634089,0.5581434026945972
1982-10-22,0.902316687496578,0.7014348232669173,0.5552215741658239
1982-10-23,0.9317357425446905,0.6981997411061704,0.5479123026758258
1982-10-24,0.9576808421617993,0.693491936941961,0.5410750473456815
1982-10-25,0.9628446678592946,0.6885093545730137,0.5284643154415218
1982-10-26,0.9654841728707265,0.6905359781357058,0.5287403820966344
1982-10-27,0.9611464028892578,0.693109988789837,0.515122836870254
1982-10-28,0.9549823940754262,0.6990985569172234,0.505033888850356
1982-10-29,0.9481795128366968,0.6992347526304263,0.5098923059630716
1982-10-30,0.9412148578282286,0.6984390613123094,0.5124487226991736
1982-10-31,0.9362599167769833,0.6974218125678129,0.5096396201509814
1982-11-01,0.9301414508937105,0.6970151862651877,0.504076200708882
1982-11-02,0.924982445281794,0.6969647241317964,0.5075811537211232
1982-11-03,0.9200553107985058,0.7022505556988597,0.5316079415125902
1982-11-04,0.9170277385866881,0.7048923902887332,0.5585671100086149
1982-11-05,0.914891476001476,0.7080779607671729,0.5865246166095184
1982-11-06,0.9145980393234253,0.7149178381571285,0.5752817960555862
1982-11-07,0.9263008124108325,0.7199966858069976,0.5564304839281422
1982-11-08,0.9577104759747259,0.7195981498419237,0.5432963873952331
1982-11-09,0.9783377210638148,0.7143310086138673,0.5292322481176901
1982-11-10,0.9872483958377863,0.7023365010710073,0.5165292879630035
1982-11-11,0.9861996915011143,0.6936496584544696,0.5090152998096982
1982-11-12,0.9806052497426652,0.6867972540092345,0.5181219329364225
1982-11-13,0.9935715057643809,0.6812661208385252,0.5428142071472039
1982-11-14,1.0274052908541473,0.6796355334041919,0.5517050621066413
1982-11-15,1.0338792912943762,0.696804176094072,0.5469759085495299
1982-11-16,1.0346927727281234,0.7096148537331743,0.5372239426203061
1982-11-17,1.0393117992122958,0.7238863710643085,0.52531211338472
1982-11-18,1.040881474105061,0.7416907946308945,0.5347081050176113
1982-11-19,1.0486091982712156,0.75672204221431,0.5546818366787141
1982-11-20,1.04691293248642,0.7613817872634444,0.5700195409742199
1982-11-21,1.0410852279728045,0.7651171492135158,0.5825828343005666
1982-11-22,1.0377044168729443,0.7676226281644916,0.5883529866354076
1982-11-23,1.0374078504734283,0.7670873530265813,0.5999344359364317
1982-11-24,1.0354622149380812,0.768212173913023,0.6160240261827808
1982-11-25,1.0396798874245539,0.7685703121584991,0.6254638566822571
1982-11-26,1.0429398009006234,0.7697149215767415,0.6245869746100854
1982-11-27,1.051308239609574,0.7698439598015213,0.6699517190202744
1982-11-28,1.0573814577429472,0.7684905763000107,0.7290246733549333
1982-11-29,1.0586740532074068,0.768856468337113,0.7765857700599959
1982-11-30,1.056960998637429,0.7726871120587857,0.7793211404277126
1982-12-01,1.0524615251173,0.7784868596460911,0.7838804941320672
1982-12-02,1.0497962642377268,0.781093797554236,0.8049126602866432
1982-12-03,1.0459977183804519,0.7817795475406527,0.8299180791286154
1982-12-04,1.0412104307643855,0.7840223134862873,0.8650722418505832
1982-12-05,1.0368511106512805,0.7879764808186477,0.8903086467985217
1982-12-06,1.0366101309171627,0.7912121981515611,0.9084725614765352
1982-12-07,1.058591440402582,0.795442678787643,0.8982905673829131
1982-12-08,1.0753504439757016,0.7962685609681146,0.8837724512608726
1982-12-09,1.0909092936150238,0.7979493511847249,0.8733464164194438
1982-12-10,1.1017535272289178,0.8106823146961232,0.8654447286577266
1982-12-11,1.1149526178501619,0.823949009399306,0.8836556693591064
1982-12-12,1.1148686357184674,0.8418916065935292,0.9284637784727192
1982-12-13,1.122219485217572,0.8508843747175789,0.9351835305925291
1982-12-14,1.1184009874736938,0.8603836361682027,0.9241172712977227
1982-12-15,1.1109331295675877,0.8666742568803468,0.9155956524400126
1982-12-16,1.1212116831464756,0.870662705075056,0.9472409429607438
1982-12-17,1.1343109868623,0.8857089375177032,0.9485786435528726
1982-12-18,1.1416754423037916,0.8930196130637496,0.9332584168151568
1982-12-19,1.1349275846665186,0.9025498079192534,0.9182726997910047
1982-12-20,1.1315296108982706,0.9195950125272425,0.9135797796324396
1982-12-21,1.154767026539017,0.9232925266619051,0.8963498035213631
1982-12-22,1.1475903606330429,0.9289122518815089,0.8815892007420375
1982-12-23,1.1404615353756467,0.9337823654617461,0.8720213645390654
1982-12-24,1.1309294885911534,0.9395120837822669,0.8734855021899015
1982-12-25,1.122655325004838,0.9421808039223379,0.9013697275192755
1982-12-26,1.114856408430183,0.9490136018177119,0.9160518320990602
1982-12-27,1.1085879982599816,0.9507395853407636,0.9331717863486294
1982-12-28,1.1052559805955462,0.9521702107031049,0.9548579480261853
1982-12-29,1.0994519336220172,0.9551896527405923,0.9578655898069262
1982-12-30,1.091094427784403,0.9539936819333267,0.957532528661401
1982-12-31,1.0836761794335588,0.9519424619664346,0.9549514849084727
