,eq,60N,60S
1980-01-01,6.55111869731401,33.64740820310749,-11.78820458489398
1980-01-02,6.017386350936561,35.27445829182209,-11.79762943408521
1980-01-03,6.091143903504636,38.26573481617443,-11.75878612511648
1980-01-04,5.1934681375668985,38.811998089251155,-12.109260617122496
1980-01-05,3.81424539736207,38.66501020439395,-11.914327632204973
1980-01-06,2.9767170829704956,38.20186099775821,-11.868455475164499
1980-01-07,3.055599626908305,34.014913454485026,-11.657203945180918
1980-01-08,2.720965177483126,32.64777543485036,-12.108163144572316
1980-01-09,2.0929107347490565,33.02046226380196,-11.743181656389932
1980-01-10,1.7329106912139218,35.606545336252886,-11.934610024800309
1980-01-11,2.8992745137737614,39.899538930871536,-12.21009220367414
1980-01-12,2.590651011536976,42.646465983619635,-11.96051811986507
1980-01-13,1.58664340473949,43.055797541055824,-12.113436796763153
1980-01-14,0.5030951533266353,45.070828966691415,-11.922227284264054
1980-01-15,-0.025570696788910233,49.89727819333935,-11.853079729882298
1980-01-16,0.2081947357211705,52.129517984525776,-11.715727886429342
1980-01-17,-0.5836836620227941,54.138465190953966,-11.248821721878038
1980-01-18,-1.4898537127029707,55.03365317312257,-11.40904883831507
1980-01-19,-0.9574725542651009,54.211601310920265,-11.918813239646772
1980-01-20,-0.935357428618933,53.18061427081601,-10.748496836650054
1980-01-21,-0.73482122240076,51.78627757707608,-11.115961027223262
1980-01-22,-0.44962954212097517,49.56279737311642,-10.454752378098298
1980-01-23,1.1554402563256245,45.05914675042911,-10.402010787470305
1980-01-24,0.8648569920364468,42.11852682250874,-10.722390852875943
1980-01-25,1.5341568007252018,39.708655447340476,-10.2976720927836
1980-01-26,2.432202102071282,36.02294497787366,-10.084609181456049
1980-01-27,1.5602335633419198,33.95109798538534,-10.280805069543838
1980-01-28,1.8176754781294944,34.5618182471934,-10.083958518777157
1980-01-29,2.2449705737812424,30.91272469090656,-8.69368803979541
1980-01-30,1.0520357587649811,32.55573986963625,-7.740801908060151
1980-01-31,1.3891390326186916,37.16771768132694,-8.154149943151214
1980-02-01,0.15687715839249533,38.791281657405335,-7.810615027768915
1980-02-02,0.9800629741820484,41.320100037068265,-6.674240494558448
1980-02-03,1.7337468896301078,42.546100506949564,-6.79489318060366
1980-02-04,1.75080815874755,45.05201986194864,-6.7629941873068296
1980-02-05,1.7816690649923803,48.27623874334249,-6.324492510140708
1980-02-06,1.2050525653626032,50.529916117095155,-5.805197691905073
1980-02-07,1.9044884773875157,52.80301699579899,-5.409073119784099
1980-02-08,1.6080037950318198,54.43942747870143,-5.526570168940125
1980-02-09,1.116431095628752,53.989886607783454,-5.9147629870933685
1980-02-10,1.0905294273696642,50.057130623025095,-5.747778270654704
1980-02-11,2.002814821432888,42.8343335332173,-5.03379441145883
1980-02-12,1.9118461383463259,36.014101175303075,-5.162266715553137
1980-02-13,2.6366811922529543,31.546767734533173,-4.83981743866493
1980-02-14,2.8112382381552985,30.21969628360909,-4.287781484534094
1980-02-15,2.536328582067321,26.38158997619564,-3.763428241750949
1980-02-16,2.2011589381089256,27.63181216055083,-3.64085314868483
1980-02-17,3.3022416924713647,28.67000510125314,-2.74635088134118
1980-02-18,3.1896461967520016,27.14384854255439,-3.093803606211101
1980-02-19,2.937391030912252,30.697838619095773,-2.678354877541703
1980-02-20,3.0753862655053377,28.70969436969702,-1.9319471670607113
1980-02-21,2.5380560973841635,27.545591793436635,-1.381896853376832
1980-02-22,2.631800237161169,27.385815465734666,-0.6259330611356356
1980-02-23,2.8856266007419045,25.877056730737543,-0.3061603209720902
1980-02-24,3.886422498124213,21.186167239893436,0.4352541517352485
1980-02-25,4.337405098849766,18.790415075037224,1.1420302827781712
1980-02-26,5.496136491014098,18.66593882170155,1.0164388146574548
1980-02-27,5.720262823005283,15.463250360016014,1.5456696920765274
1980-02-28,6.2894954281719695,7.473310300515796,1.303020039403071
1980-02-29,6.800490868572063,-0.8796913422056859,1.9061520284230418
1980-03-01,6.5202048072769045,-6.4393563328484715,2.497813018791616
1980-03-02,7.287568377496208,-6.6899982790310535,3.3428989718126045
1980-03-03,6.879493546033655,-1.5379994389048173,3.6394503366854036
1980-03-04,7.331908021738373,5.354247421584797,3.716313756521078
1980-03-05,7.448220976143058,10.953721910543317,3.842797559318344
1980-03-06,8.509725115069818,9.692890849910109,4.353219942834639
1980-03-07,8.753380023824324,6.171207038678132,4.90923219259922
1980-03-08,9.773576398435397,5.0213380641242535,5.4532012377756605
1980-03-09,11.123495524463605,5.782978734018709,5.944795598483198
1980-03-10,10.526851357603535,5.584996350694909,6.473479813827062
1980-03-11,11.511713020197583,7.36112015251423,6.765379384592104
1980-03-12,11.253760594503207,7.168745575314739,6.574930997521883
1980-03-13,11.735716506566149,5.833819759709704,6.72690110298546
1980-03-14,12.900763432279856,6.21690997820702,6.565111683167495
1980-03-15,11.889764959420331,4.651026436933172,6.655903780487896
1980-03-16,12.591664752585201,1.9333052433348876,7.442650430497866
1980-03-17,13.169458135401262,-1.1945297842250642,6.920589506734568
1980-03-18,12.876435674160946,-4.980420495095141,6.046630591699122
1980-03-19,13.196338701959734,-5.44928522592395,6.338231601942296
1980-03-20,13.455363519811812,-5.933502321886162,7.044635846597803
1980-03-21,13.196609754613872,-4.720517704009126,8.042911020400672
1980-03-22,14.184331397904025,-3.6545397180697474,8.317232399996657
1980-03-23,13.956306418696082,-2.202797480020598,8.401937181466304
1980-03-24,13.535056416077486,-0.08366648523546459,9.81554188366794
1980-03-25,13.427071170738586,-0.40362159347549487,10.418871771249167
1980-03-26,14.078922783144002,-0.054348944419880744,10.762875145057484
1980-03-27,13.802128793947197,1.1781366954102694,11.05939082237007
1980-03-28,14.285167884924338,1.3271375481042138,11.68570035350086
1980-03-29,14.162828386143278,2.3988313669349495,12.655522359425373
1980-03-30,14.405661438555603,3.5155120033439133,13.896636662510105
1980-03-31,13.635960721852655,4.621024986582408,15.079502376911583
1980-04-01,14.696050737363755,4.930209552188296,16.18890031452578
1980-04-02,14.850373561777532,6.252145094465678,17.34590170838866
1980-04-03,14.684141526736857,7.1162765287877985,19.049462442003957
1980-04-04,14.865976603111951,7.247225640367551,19.997308253588304
1980-04-05,14.673360537144998,6.423579911214863,20.701624660899114
1980-04-06,15.035541117900166,4.967167469910507,21.147911036564732
1980-04-07,15.32766021220846,1.2313923842763537,21.823960391923524
1980-04-08,15.446096148153728,-2.6012311565969397,22.33149242078819
1980-04-09,15.255921662496437,-3.5698408800441506,22.67607979492944
1980-04-10,15.678837548522019,-2.1904540130018986,23.275216369584676
1980-04-11,15.182114342835375,-1.8838252558036868,23.990517731818947
1980-04-12,15.268330436143373,-1.87407224935506,24.576389934165505
1980-04-13,15.019219072801194,-2.614844685268586,24.412756760363063
1980-04-14,15.651249486945053,-2.7781456609603827,25.318558027116836
1980-04-15,15.687917556287767,-2.2250173121391854,25.778649411739977
1980-04-16,15.206966551516253,-2.019885732179382,25.276808620713112
1980-04-17,15.900916866606256,-1.9896214416604272,25.28260982764004
1980-04-18,15.766666592103396,-3.076640910073272,27.777053323345402
1980-04-19,15.646369089149209,-3.1123924838051735,30.788415655566084
1980-04-20,15.474287117962877,-3.1807037355956473,32.75352409644513
1980-04-21,15.407127443743217,-3.4081707746071435,33.58725954657855
1980-04-22,15.384191020415665,-2.4203939738172964,34.19897656983827
1980-04-23,15.572386695209872,-2.265228928256918,34.099664424776286
1980-04-24,15.364633061503856,-2.1471038759785728,34.30704619609746
1980-04-25,15.63380389199476,-2.670048971314066,34.34723722673744
1980-04-26,15.208751862930837,-3.6808808679207616,33.83811494681593
1980-04-27,15.192582535824485,-4.6097367214823946,33.86958480792407
1980-04-28,14.596624630286286,-5.542842399119741,32.940081456018795
1980-04-29,15.328647961511637,-5.131092237904841,31.381379481433882
1980-04-30,14.847447418549189,-5.072965830653145,31.280189618173825
1980-05-01,15.053827532040723,-5.575071857730365,32.491587968743254
1980-05-02,14.836655991750755,-5.736544796911816,34.67316245986873
1980-05-03,14.201793456669703,-5.80631835982512,35.91617954232357
1980-05-04,14.430718047578287,-5.694998415233209,36.298160767763584
1980-05-05,14.533134820866236,-5.798040513558302,37.17448395653399
1980-05-06,14.992199753872132,-5.994066843609791,38.889070133647735
1980-05-07,14.804874891314494,-6.128229698424231,41.35135154542485
1980-05-08,14.701020730380833,-5.8467775921080625,42.69625985742432
1980-05-09,14.837230861901004,-6.001775867086743,45.16292209442301
1980-05-10,14.122266619867187,-6.022082737300299,47.16160245782784
1980-05-11,14.378036592790506,-5.870332311689261,48.72286070247313
1980-05-12,14.072675019413893,-6.091589162506143,48.80067342011284
1980-05-13,13.712978311035855,-5.995881914856984,48.6009909669948
1980-05-14,13.176116399720442,-7.070069202356111,48.73082477060608
1980-05-15,13.040591981363367,-6.969803790657997,48.60329539096863
1980-05-16,13.318377637400356,-6.38335985048654,48.60269145287769
1980-05-17,13.195892252560661,-6.305633478981517,48.35385171681686
1980-05-18,13.077524974684524,-6.470620781369558,49.08046072782538
1980-05-19,12.501105907637319,-6.500207990684016,48.8253506128055
1980-05-20,12.485140468395244,-6.603488640915973,48.85524480847731
1980-05-21,12.64638852392308,-6.903638332145039,50.074250270771124
1980-05-22,11.708645670937784,-7.0804677051799185,53.51656922938324
1980-05-23,11.381329153722287,-7.157629271438819,54.859459658316894
1980-05-24,11.021934509093935,-8.015707559745607,54.38214747987711
1980-05-25,9.550833386876455,-8.509589261666724,54.453961777079634
1980-05-26,9.342148096953677,-9.626080318730958,54.97750170587498
1980-05-27,8.422309761141276,-9.574012697305603,54.61548178537673
1980-05-28,8.282255538328123,-9.54284782825224,54.70085532339831
1980-05-29,8.705003585870296,-10.233130217433756,54.323823662773165
1980-05-30,8.796440853435314,-9.974296287911114,53.43463608547463
1980-05-31,8.01636769872431,-9.706153608690254,52.54186455490703
1980-06-01,7.569271035057577,-9.689649812976034,54.5862466832118
1980-06-02,8.018532220707906,-9.97696969568779,54.85814871007853
1980-06-03,6.70642278479833,-10.219552315281735,52.72873778892563
1980-06-04,6.187774714595922,-10.495193939064494,48.61767397732144
1980-06-05,4.951270338847412,-10.453331528048281,45.30784807840175
1980-06-06,4.314160326630288,-11.176565886725255,42.10632254112808
1980-06-07,3.8089048539788553,-11.024724785694975,40.636620955583204
1980-06-08,3.0975067425520946,-10.64717962373281,42.08977095155704
1980-06-09,3.1709127595178606,-10.594242332035863,41.500374887616005
1980-06-10,2.3977295602660997,-10.6899894948049,42.32735488635988
1980-06-11,3.745942856874558,-10.781899929491333,43.70911764147139
1980-06-12,3.4097827894677297,-10.624349950853409,47.15043598382809
1980-06-13,3.3148451023095276,-10.656716260916822,51.58223810296244
1980-06-14,2.2888345276756468,-11.122030809980725,53.35421274597361
1980-06-15,2.6497359240228238,-11.137747363933173,52.55738098864669
1980-06-16,1.6984337500307358,-11.12229617265175,53.53591608332274
1980-06-17,0.8544424513804951,-11.33811593619789,55.20852518649831
1980-06-18,0.0451377853324527,-11.953457907559812,57.53966449809854
1980-06-19,-0.028057826913459732,-11.971870067407743,59.624061081636874
1980-06-20,-0.5555829586593871,-11.551912511389718,58.93623833000538
1980-06-21,-1.6508164095262503,-11.523764851900859,58.8449721068803
1980-06-22,-1.7542255798992836,-11.312413711717356,61.18506399907218
1980-06-23,-2.8280279714622547,-11.154533482886354,63.658213638906425
1980-06-24,-2.4861692926929644,-11.360249298403472,64.77334809691374
1980-06-25,-2.7781619403584754,-10.749253096831328,63.292144114870524
1980-06-26,-3.594146635877607,-10.710333382699407,62.71541419931897
1980-06-27,-3.138682094450384,-11.115291521747622,63.34570569080223
1980-06-28,-3.9301606967399714,-11.524226928355759,64.57215790228598
1980-06-29,-3.9022094987117666,-11.992406075187239,65.54220248356388
1980-06-30,-4.122103898233671,-12.09077921834752,65.19849753490642
1980-07-01,-4.489362801676679,-11.406190765630631,65.82420678868375
1980-07-02,-4.469348133166552,-11.478970913409855,65.87662793705837
1980-07-03,-4.81108475608582,-11.336829272895487,66.10192085509902
1980-07-04,-5.453263785621657,-11.838947621121939,66.16647090938271
1980-07-05,-5.580516288717607,-11.632047578394884,65.40973003750487
1980-07-06,-6.642075445207978,-10.832651591344423,66.6025053749801
1980-07-07,-6.214789490932937,-11.032677601166416,67.82100485616057
1980-07-08,-7.360661405338755,-11.293200791945553,67.22301902545414
1980-07-09,-7.044573099536296,-10.672167591687797,67.78175951872096
1980-07-10,-7.93783094402878,-10.741027401454371,67.95826237070368
1980-07-11,-8.65990374119011,-10.385136331070974,66.83329025304494
1980-07-12,-9.323359524112474,-10.529407453692867,65.0022145313139
1980-07-13,-10.315639909120385,-10.395244746741982,67.22867529701965
1980-07-14,-9.870809525790532,-10.533720813566907,66.83996257053305
1980-07-15,-10.395972630803646,-10.185967529008368,67.99605294926138
1980-07-16,-9.86941475911041,-9.764354405951854,67.64870213555893
1980-07-17,-10.613385213894265,-10.321354732575633,66.3267382407168
1980-07-18,-11.134803718519036,-9.640099397567369,65.80345806445631
1980-07-19,-11.49866568161002,-9.555890677493489,66.11405971087234
1980-07-20,-11.74719980632081,-9.360545009274901,68.00255596750496
1980-07-21,-12.420114539156561,-9.034938125259572,68.04265729036354
1980-07-22,-12.630014010461453,-8.494034563847272,68.2319824967336
1980-07-23,-12.629773804894814,-8.644806482792093,68.46091860842425
1980-07-24,-12.832102816418756,-8.704421336686119,69.97075985179379
1980-07-25,-12.716630686039093,-8.359749815226005,70.77881074068912
1980-07-26,-13.319593934386189,-8.32142024697289,71.65203921557756
1980-07-27,-13.47426167198216,-8.174816770334177,69.34923188667281
1980-07-28,-13.475361760326853,-7.565456198264021,66.92139926697675
1980-07-29,-14.011152571335094,-8.071321751408902,67.01520100523949
1980-07-30,-14.237724561116607,-7.648127265484049,68.71790987276034
1980-07-31,-15.093471693242133,-7.314891003333289,66.20531046049028
1980-08-01,-15.310426138491893,-7.187262847362209,67.74088320203558
1980-08-02,-15.363568210206234,-6.583107170047557,70.00455493109801
1980-08-03,-15.549558277337194,-6.181114486123257,68.85378648353083
1980-08-04,-15.500339381150331,-6.058900811444503,69.18708558279315
1980-08-05,-14.913568289864259,-6.410975770496607,71.45342702740221
1980-08-06,-15.362405030512702,-5.770843709810126,71.69843716732613
1980-08-07,-15.30628760549249,-5.670919973065287,70.12369266230002
1980-08-08,-14.92687920338932,-5.742781735693943,71.63970842539464
1980-08-09,-15.554370912155296,-5.835027232635412,74.29500544888506
1980-08-10,-14.897941491179989,-5.782922603599557,74.54575186218187
1980-08-11,-15.077597793344346,-5.506206239357308,75.70404400714406
1980-08-12,-15.556383137777113,-5.528552423331772,76.34453629770445
1980-08-13,-15.361586300738361,-5.115180388391127,75.60204960542876
1980-08-14,-15.39178254281258,-4.2373834301474815,75.15677773693201
1980-08-15,-15.405957991992874,-4.122599859444219,77.57227495215268
1980-08-16,-15.826184709745611,-3.617776728629955,77.85897960594028
1980-08-17,-15.537836494854464,-3.11098978685305,77.52212312193092
1980-08-18,-15.885015452753535,-3.37675929650703,76.70168944812012
1980-08-19,-16.237052496900667,-2.9560700038447414,76.44020920551337
1980-08-20,-16.259350825942807,-2.135783106480208,76.75934595359337
1980-08-21,-15.931981229932424,-1.7696338919482413,76.94517821143877
1980-08-22,-16.31176299757345,-1.3421613273621604,77.563514801447
1980-08-23,-16.20174931107033,-1.9341676870143443,76.31649867822794
1980-08-24,-16.339579886717992,-1.6469303798370256,77.30802694844023
1980-08-25,-16.770378022881047,-0.9173660533430347,76.7285690577487
1980-08-26,-16.80252198270255,-0.36211840208269236,75.00504906673729
1980-08-27,-16.89120768474973,0.9057416569591898,74.43877087644964
1980-08-28,-16.801727811886163,0.7103943390815497,74.71094548120507
1980-08-29,-16.87337070634911,2.008322679492863,74.51035818708506
1980-08-30,-17.10335734925522,2.3014448383569284,73.60416189284918
1980-08-31,-17.652951486039203,2.5302438121740893,73.27940711903423
1980-09-01,-17.687457304630072,3.068313188040029,74.3907740906701
1980-09-02,-17.650845142719028,3.475770343675396,75.1742164529151
1980-09-03,-17.999400475255225,4.415477615309038,75.88609481102493
1980-09-04,-17.603520116647488,4.526630774349263,74.54615631519138
1980-09-05,-18.070206839704618,5.303130389548629,75.22678402748367
1980-09-06,-17.633643776644075,5.762458126375052,76.85203607389575
1980-09-07,-17.496863823856238,6.395927067629432,76.76901086533556
1980-09-08,-17.503858148237136,7.169632547296918,77.88093307448605
1980-09-09,-17.297277562701034,6.9977352126258365,79.37485960947103
1980-09-10,-17.053393924775637,7.753077253563575,79.23312086520184
1980-09-11,-17.167858772111963,8.742476576532493,79.07844473773443
1980-09-12,-16.858867237763693,8.545276497362261,76.14192497313208
1980-09-13,-17.13635940730814,8.07435107792824,75.03270232378877
1980-09-14,-17.11260907803031,8.526093859103081,74.60345070863157
1980-09-15,-17.05829029721854,9.012541750184296,75.24766596988005
1980-09-16,-17.15639438918541,9.855906455635596,75.25732212809797
1980-09-17,-17.23246223266465,10.054079294192205,75.38248908278699
1980-09-18,-17.800980970302987,9.21747482133291,73.5636634800081
1980-09-19,-17.25366944004575,10.056859823206535,71.12665211982112
1980-09-20,-17.01926809567371,10.12154837504004,70.01045312028162
1980-09-21,-17.28745143138234,10.642524657459013,68.31176354533157
1980-09-22,-17.302937530897076,10.931751537238952,66.99492109461521
1980-09-23,-17.435787585002544,10.565700293674093,69.52991062600961
1980-09-24,-17.764411652122,10.809648638828518,75.42135301377307
1980-09-25,-17.62528928247014,11.580083173362755,75.7034191713138
1980-09-26,-17.764147160433808,12.408438471372623,73.36985103729539
1980-09-27,-17.92755376785777,12.103996774271435,72.13634926164815
1980-09-28,-18.338067101636337,12.852981999337446,71.9853104287647
1980-09-29,-18.191537393703253,13.165680540310825,72.56407078622145
1980-09-30,-18.543871788710696,14.041335220108929,69.94205313721055
1980-10-01,-18.759607401146972,14.527395391791135,65.25472655908786
1980-10-02,-19.03647463830575,15.792819998456977,62.01961086071443
1980-10-03,-19.406406264976184,16.549472152755566,59.729084600504336
1980-10-04,-19.5825304899852,17.79890409984941,57.98587680364814
1980-10-05,-19.557722099354258,18.711772883947297,55.43072618075212
1980-10-06,-19.55462656699661,19.764573319727763,57.10275198188485
1980-10-07,-19.634700209411726,19.098360401000047,53.500119572782204
1980-10-08,-20.046916561997737,18.35191569469691,47.28140965516867
1980-10-09,-19.846000869041937,18.284197622244875,42.30743502754994
1980-10-10,-20.04094401221309,17.10968619264618,41.340239080904766
1980-10-11,-20.09908538147458,15.93778809492614,39.40430306595975
1980-10-12,-20.232299487537002,15.529093238937014,41.39622702632424
1980-10-13,-20.263732715656975,15.618648335529151,46.27816800855813
1980-10-14,-20.23301286421629,16.590686220877714,50.60617856425721
1980-10-15,-20.18667507844605,16.341244230563486,48.56916711881858
1980-10-16,-20.237477399016438,17.252434111304485,45.30283007624428
1980-10-17,-20.491600761637326,16.755832868680947,42.54037537086317
1980-10-18,-20.421940879267957,15.49732179322804,42.36267013853845
1980-10-19,-20.924889055991706,14.767743757654475,40.9833065202047
1980-10-20,-20.986513932984757,13.659090092348427,38.90244357619283
1980-10-21,-20.934560844693102,14.041131517905777,38.01094473086129
1980-10-22,-21.237167656620393,13.282049578116172,34.064402763502414
1980-10-23,-21.499617828183162,12.138700386985668,32.42347145368361
1980-10-24,-21.622592503824944,11.909441274055567,32.532779126613526
1980-10-25,-21.936019808087625,11.020768378140394,33.58118221544864
1980-10-26,-21.98456739151677,12.57440993791891,34.77332534014611
1980-10-27,-22.005709878440523,14.721287404868622,36.278554769855596
1980-10-28,-22.08279840263894,15.982874947064536,35.83559564311679
1980-10-29,-22.19862220247933,17.66354254669228,34.243051847792415
1980-10-30,-22.141162435457204,19.21729175759517,34.28898719068818
1980-10-31,-22.517611794516856,21.013322090317356,34.517741786671465
1980-11-01,-23.08944070139477,22.583646503227115,34.328648020504545
1980-11-02,-23.48436218802527,24.807819293606677,30.97182217040072
1980-11-03,-23.977977216112404,25.6743113955685,28.885814883583155
1980-11-04,-23.819623571122857,25.484770999429532,27.258462355087925
1980-11-05,-24.504794314742824,24.70150751421269,24.028965233724247
1980-11-06,-24.468866847269332,26.201282047654363,21.666036657704044
1980-11-07,-25.131476086695926,27.15316414002536,18.468827981482644
1980-11-08,-25.167754787995175,27.031155119320097,15.397305209150936
1980-11-09,-25.25896145592015,25.070099455469585,12.8964400950471
1980-11-10,-25.26610156451967,24.606518635907022,11.992798294651184
1980-11-11,-25.489201433321362,24.80827998830068,11.366901984736492
1980-11-12,-25.795629010905,25.541575251934002,8.159317575980497
1980-11-13,-26.29133643167048,25.536870780455526,6.438545458581067
1980-11-14,-26.430532378922752,25.858396365123195,5.847305687193975
1980-11-15,-26.75405130256422,26.590325932195583,4.1156997754096585
1980-11-16,-26.59104789715487,25.84974477970786,2.605205295201128
1980-11-17,-27.081233979417686,27.955634557794887,-0.08953043481428583
1980-11-18,-27.568708946733288,29.49191490457457,-1.5631524841673727
1980-11-19,-27.493771645849414,30.836727357190593,-2.941801694907639
1980-11-20,-27.321472117375365,31.104411544037987,-4.583241373644787
1980-11-21,-27.22692763404654,30.96998240730821,-7.003427368592004
1980-11-22,-27.329433566884457,28.839752914979222,-10.351992974831473
1980-11-23,-27.579370773996533,30.294314425066563,-12.663026469816629
1980-11-24,-27.524671683121852,29.940407113991064,-15.899927919564679
1980-11-25,-27.67038170434489,32.04321044155908,-18.59691185034365
1980-11-26,-27.858768384929743,35.02192009145875,-20.77962451506931
1980-11-27,-27.96263709386949,38.30220727639413,-21.75191104900302
1980-11-28,-27.798541809961094,40.90365145512542,-22.283665478954983
1980-11-29,-27.79506936723312,40.87013124788211,-21.711388760891555
1980-11-30,-28.14161615643219,41.82622643742961,-21.57762871206234
1980-12-01,-28.55918598189598,43.21638274420769,-20.924177729867388
1980-12-02,-28.78172537466505,41.76913906145307,-21.199325748766764
1980-12-03,-29.20055739326241,40.47850968962745,-21.928780819664876
1980-12-04,-29.421087293568362,41.456835737983546,-21.07635684139384
1980-12-05,-29.019531518107474,43.19347190576649,-21.132414967960838
1980-12-06,-29.083171157073735,44.419962129535705,-21.479126516891178
1980-12-07,-29.15407793865513,46.45798122518596,-20.99496779852518
1980-12-08,-28.867102356640686,47.244310698926604,-20.83393639155529
1980-12-09,-28.994880727441572,48.57937382177313,-20.595212420561005
1980-12-10,-29.131889216834256,48.2517068726664,-20.687033608417867
1980-12-11,-29.557903764666044,46.607164665475366,-20.01480382449146
1980-12-12,-29.58757013756806,45.52823686162339,-19.157124048893206
1980-12-13,-29.66157746796019,46.19188261752727,-19.205009717175304
1980-12-14,-29.763275546496853,48.08932942811608,-18.765302009445936
1980-12-15,-29.59841960227513,49.488366887419026,-18.22734450435996
1980-12-16,-29.88515287754168,48.940097238613234,-18.06182805709378
1980-12-17,-29.48289710985355,51.12359964354238,-18.629092883209452
1980-12-18,-29.23924013839038,51.429953567250976,-18.61407295523087
1980-12-19,-29.349960331835366,51.65972641685432,-18.72100524967634
1980-12-20,-29.744004414023003,51.89893382005303,-18.465170580283043
1980-12-21,-30.135691983094556,51.73456499241705,-17.982485971744076
1980-12-22,-30.021683908701917,51.24146153273406,-17.66338178273963
1980-12-23,-30.239401818190046,51.897079870063656,-16.944244266250273
1980-12-24,-30.72001027067665,54.24617377683876,-16.61132868001639
1980-12-25,-31.020712805189287,57.63309640487382,-16.483612449698388
1980-12-26,-31.254832571172287,58.67893490471704,-15.912773626867109
1980-12-27,-31.345881485094328,59.19017523731755,-15.910714512200538
1980-12-28,-31.63555089709018,59.42583784376673,-15.36309260644258
1980-12-29,-31.599265780614733,60.12926814479206,-16.287228319183487
1980-12-30,-31.69268420403196,58.15787065234218,-16.14757129293426
1980-12-31,-31.984896721649424,59.02448005901724,-15.878067584745484
1981-01-01,-32.23162401991129,58.15279519211905,-15.190685796344024
1981-01-02,-32.18189453038287,57.192533225750715,-14.936598233440249
1981-01-03,-32.0450326315837,56.213340106091,-14.656016744873993
1981-01-04,-32.00756264162918,58.20151974781146,-14.372069045589223
1981-01-05,-31.926422956049038,58.253645340409726,-14.069682964841691
1981-01-06,-32.144766506339025,58.13277855650758,-14.226159807200023
1981-01-07,-31.98317419134183,57.96027337457445,-14.03771583619691
1981-01-08,-32.17814168248652,59.1666072305846,-13.01219658594148
1981-01-09,-32.29034383681597,61.737373287809746,-12.65454704216676
1981-01-10,-32.72957679732099,61.49607426101249,-12.99341871919159
1981-01-11,-32.33506389518346,59.947970350352236,-12.236464268179354
1981-01-12,-32.510293612579574,60.82807824793185,-12.438975626587782
1981-01-13,-32.41361658603556,60.29227999292198,-12.988143847547878
1981-01-14,-32.07256885864999,60.446338816118505,-12.409032277869278
1981-01-15,-32.21277683533539,62.01443940293305,-11.56819745503561
1981-01-16,-32.10515971944277,63.710835198431276,-11.326307392713174
1981-01-17,-32.075158391323484,62.92384771531189,-11.256013294413465
1981-01-18,-32.30757734414162,60.5751067332832,-11.087059336254205
1981-01-19,-31.90050199471381,57.799452460826096,-11.223283849934612
1981-01-20,-32.14342888125459,53.988780919130335,-11.12761890913654
1981-01-21,-32.44893404974498,50.55471807723656,-10.57772651291356
1981-01-22,-31.749315087343582,47.77960054330591,-10.95681489905245
1981-01-23,-32.0508408573268,44.42041782641741,-11.034648392354292
1981-01-24,-31.51271249978785,39.14374197852843,-9.940868943811926
1981-01-25,-31.68326864930049,35.665775741830515,-8.664522479452865
1981-01-26,-32.256198420844385,34.03472905561913,-8.411435911455206
1981-01-27,-32.37533521368229,35.76594052325997,-7.745748152149101
1981-01-28,-32.85543611103887,33.00256989040163,-6.859066714846954
1981-01-29,-32.83153856448341,29.816798996486575,-7.704206015512884
1981-01-30,-31.89842093614658,26.26587895103324,-7.558057374377343
1981-01-31,-31.75926683349757,21.145475816611853,-7.3196444887306145
1981-02-01,-31.279924074219938,18.36187359626044,-7.0980317240848665
1981-02-02,-30.76398724996083,20.22717498063657,-6.512243215470104
1981-02-03,-30.94612684218568,22.079414806418058,-6.130177412341325
1981-02-04,-31.45941318957915,12.994100739779501,-6.008451929410476
1981-02-05,-30.634431729891247,7.81061673732355,-5.331373427245183
1981-02-06,-30.7457609793996,0.6031093059676652,-5.035631423117558
1981-02-07,-30.488603910216863,2.811807795652314,-4.727046709104534
1981-02-08,-30.06647667077809,13.313191445033855,-4.197658106923922
1981-02-09,-29.941437088916768,18.452708913287147,-3.690230495024023
1981-02-10,-29.659703990499057,16.771387047940337,-3.020927493744603
1981-02-11,-29.539346070276498,14.211804333636621,-2.2603697323916436
1981-02-12,-29.028941234117728,11.41175923920269,-1.8929081969837236
1981-02-13,-28.5329831994573,5.689776708551536,-1.2969170089853004
1981-02-14,-28.525045591792978,4.423170706030469,-0.5722009224335965
1981-02-15,-28.96872707138236,9.282445349137758,0.3142509861964405
1981-02-16,-29.080942165119666,11.84457174496289,0.4802054706036975
1981-02-17,-28.508928442563068,14.450681662848723,1.4260247295373751
1981-02-18,-28.652440669787786,17.98798845552695,2.168899245957305
1981-02-19,-28.86725352371143,16.068733426809736,2.1781226163743903
1981-02-20,-28.66884223367958,17.09661109333146,2.821605809974796
1981-02-21,-29.28943905091661,17.069821017201605,3.5230923880078078
1981-02-22,-29.078569301332333,17.78287405600344,3.6791309156571637
1981-02-23,-29.414378957150664,18.658119642008366,3.989555698884908
1981-02-24,-29.274050124510225,16.640754170383524,4.4717913413725805
1981-02-25,-29.453825277818634,16.895431347733062,4.2311268464360285
1981-02-26,-29.654923975747092,16.48572148017989,4.632381697500793
1981-02-27,-29.339973012686713,16.18965362787299,4.79995002555504
1981-02-28,-29.259667852542332,12.924302501634193,4.568862746262295
1981-03-01,-29.61644731145063,9.938027319509963,4.436970517872215
1981-03-02,-29.614842386602874,5.4503791090451825,4.509981154863223
1981-03-03,-29.30889340089522,1.2272191985231635,5.128787074767722
1981-03-04,-29.226018219076096,0.0921386503004932,5.526163607857125
1981-03-05,-29.13898404991769,0.5034945351097844,6.889509615874582
1981-03-06,-29.332253565822757,4.949331848984355,7.809506591180504
1981-03-07,-29.14333251337279,9.19082893837964,9.27627960208964
1981-03-08,-29.40175333021371,11.827854452576759,9.487573747001614
1981-03-09,-28.389822141291024,11.119725424591362,9.144207988484755
1981-03-10,-28.231681608449335,7.854991798295332,8.227238265078245
1981-03-11,-27.756155430682906,5.524412374141328,7.490438357070757
1981-03-12,-27.539495323603546,5.1510433651745045,8.828896015738382
1981-03-13,-27.936024985461998,4.99092656070299,9.21232517837313
1981-03-14,-28.066662848675435,6.666761215111387,9.528000774248868
1981-03-15,-28.4204645016223,9.708039110438829,10.611163707352567
1981-03-16,-28.459805487688172,11.831899399146259,10.910214940759017
1981-03-17,-28.29866602847461,10.89538520168576,11.523958710460988
1981-03-18,-28.953624621729713,12.438403671185982,12.433208252522817
1981-03-19,-28.685549813753124,12.895535425418846,13.161498961468997
1981-03-20,-28.63942197616824,12.250327619351035,13.943705589672696
1981-03-21,-29.133074943390522,9.380205711934265,14.161053340714325
1981-03-22,-28.93571326818149,10.132676944860206,13.457960291067858
1981-03-23,-28.94837431021474,10.704800247855363,12.032057181323278
1981-03-24,-28.766254002382347,10.073225330196768,11.164889829333536
1981-03-25,-28.648351591166925,11.581121729543396,12.233267142167433
1981-03-26,-28.860674846973865,12.804304165637424,12.952422528672187
1981-03-27,-29.069940731027753,13.92910584176477,13.242100346479083
1981-03-28,-28.980640103088465,15.093093131696929,12.485601951449112
1981-03-29,-29.12895797845049,15.295045631348692,12.80077040903447
1981-03-30,-28.974280718406366,16.31696857334106,14.263824131502838
1981-03-31,-29.049371190848152,16.81989640006411,15.536297831029852
1981-04-01,-28.759657102769765,16.683423260009913,14.885173537613479
1981-04-02,-29.036789358813124,15.62463446331503,13.671700321283003
1981-04-03,-29.00263641207324,15.915110683370006,13.90318769935485
1981-04-04,-28.934603216786435,15.557212347005052,16.439627151810807
1981-04-05,-28.952527096049508,15.181641258756914,19.896399146244296
1981-04-06,-28.9730505752199,15.172663739785804,22.683187560922054
1981-04-07,-29.252243758336263,14.30892643154177,23.970758907990874
1981-04-08,-29.280294497541508,14.180481185477372,24.46454710898783
1981-04-09,-29.41992479652434,13.361094032378384,25.710782154853316
1981-04-10,-30.269470988699283,14.160547729383365,26.192031739685458
1981-04-11,-30.220280385310346,12.498359812668628,25.393391305359728
1981-04-12,-30.194775459228374,10.577207361852595,25.135131655096792
1981-04-13,-30.475075153815652,10.08354974780814,24.971441417287938
1981-04-14,-30.81123170106237,9.822037279133232,25.94093365483797
1981-04-15,-30.9114050593183,9.711635546759197,27.29976569354314
1981-04-16,-31.052330913807687,9.584850791031597,28.85317505112913
1981-04-17,-31.257511658061794,11.293423561507403,28.20057602405759
1981-04-18,-31.34575376807027,12.371720451747441,25.62625236122582
1981-04-19,-30.84030412565227,12.462092398396381,22.947492280852867
1981-04-20,-31.210176251256932,10.917468528383148,21.39596004156999
1981-04-21,-30.93977311153683,8.857000998210218,21.409767765528986
1981-04-22,-30.602539460967847,7.6235425308741585,22.59634295114198
1981-04-23,-30.593225159349256,7.152628921144624,24.43204420369966
1981-04-24,-30.65150825643639,7.461159305487196,26.364243216684024
1981-04-25,-31.054654045291166,7.4357179147367365,26.69885484778147
1981-04-26,-31.13262465136631,6.7309337528456625,25.953846151758324
1981-04-27,-31.276668051065588,7.092508265189015,25.326618356456606
1981-04-28,-31.326419319352528,7.936225178335148,26.882885588899647
1981-04-29,-31.28241870584096,8.684646734354114,29.358347059653287
1981-04-30,-31.083074045104823,8.165809161064358,30.944670378392832
1981-05-01,-31.761986425031274,6.455921162633316,33.87891323008136
1981-05-02,-31.8118058918811,6.012791200910931,37.589671713422284
1981-05-03,-32.24145929194087,4.908104029233662,39.535401876992964
1981-05-04,-32.32568286028185,4.60820848838987,40.47195835788179
1981-05-05,-32.73946612737501,4.569134589246627,41.36533318697396
1981-05-06,-32.90616019750574,3.8533406818783664,41.58060798513655
1981-05-07,-33.03997216117491,3.4014432354589603,42.843815808082454
1981-05-08,-33.17257510957837,2.460500751777738,42.01916870263617
1981-05-09,-33.27359779077683,2.4229667087319706,39.17591789676299
1981-05-10,-33.29019533702191,1.5579871777563816,36.09272920931311
1981-05-11,-33.34608193188974,1.0763876715679161,34.6063477631711
1981-05-12,-32.952770055785074,0.28970728059596845,34.64218829720357
1981-05-13,-33.166829133399524,-0.27221447096987744,36.34657439676874
1981-05-14,-33.6394666568124,-0.5374951361358077,37.92588128026135
1981-05-15,-33.601457367968806,-1.1223622022899429,39.40557853997016
1981-05-16,-33.57302739668704,-1.2192523368041384,39.65240884112632
1981-05-17,-34.135828602378574,-0.5731495212914104,40.31569891940379
1981-05-18,-34.125821152761034,-0.8516252829150882,41.84779772901705
1981-05-19,-34.187333921580404,-1.309624575761237,44.70395595722712
1981-05-20,-34.29716089310761,-1.33884299018662,46.87123322559498
1981-05-21,-34.70785997723616,-1.5003752654605818,47.978345536259766
1981-05-22,-34.68521415760043,-2.6013850082463503,49.120494265249
1981-05-23,-34.96087071915382,-3.4668684312665663,50.3700427585597
1981-05-24,-34.605810350365,-4.046113876083079,51.62881414417442
1981-05-25,-34.88721126441898,-4.712676226718168,52.5874048604241
1981-05-26,-35.054910360846506,-5.23111935084293,53.38448998925811
1981-05-27,-35.202633029512945,-5.787482040741131,53.63509243949647
1981-05-28,-34.983778740576824,-5.412885991100419,53.8398724388916
1981-05-29,-34.86128714396196,-5.63427630746362,53.39053529258453
1981-05-30,-34.98123151182785,-5.324794881152801,53.02011661861996
1981-05-31,-34.94271221568336,-5.6668863784859,53.70973940981217
1981-06-01,-34.80897859862011,-5.24639164488032,53.78442917719959
1981-06-02,-35.071708614254725,-5.445132504976616,54.134767475509456
1981-06-03,-35.18452150640571,-5.7317538887848025,51.69904759392494
1981-06-04,-34.98936138152865,-6.219820449743055,49.12897112689254
1981-06-05,-35.42718414602967,-6.764964716950389,50.09644755646435
1981-06-06,-35.27882315580412,-6.929565885083411,51.0740255839606
1981-06-07,-35.355703793104624,-6.787050913486703,53.454176559707285
1981-06-08,-35.72080383973076,-7.037003214423872,53.90253331059441
1981-06-09,-35.375547774593265,-7.065064999080266,52.73444425884186
1981-06-10,-35.528564923609046,-8.0398733880515,51.23094517863107
1981-06-11,-35.43180210720493,-8.066363147089861,52.09472878756571
1981-06-12,-35.061279322242655,-7.978397530260506,53.16138067890625
1981-06-13,-34.69095300871195,-7.874795243394859,53.68052210902048
1981-06-14,-34.18556013520294,-7.6387370425918375,54.36674815693816
1981-06-15,-33.89559905463459,-8.095546973219014,55.11717324542746
1981-06-16,-34.55860727164003,-7.9812074153905,55.851946131926766
1981-06-17,-33.246865480779206,-8.31378215104734,56.123930125453576
1981-06-18,-32.89659435961578,-8.93620467610078,55.84220515676975
1981-06-19,-32.76602314891471,-8.585659431789454,55.14326192890751
1981-06-20,-30.8043007507652,-9.246418998777518,55.01468684668436
1981-06-21,-30.730278972594796,-9.483625986528196,57.49828524769949
1981-06-22,-30.5047279100333,-9.514160884177082,58.98301764491488
1981-06-23,-29.970867780220612,-9.813736642395629,59.620894792859495
1981-06-24,-29.091499141095106,-9.854803582076654,60.54972732273321
1981-06-25,-27.910092335608812,-9.9397352935899,59.84037406267231
1981-06-26,-28.44491467537964,-10.562090442061987,59.13774015548523
1981-06-27,-27.138098849639725,-10.426714626195299,58.822965512367205
1981-06-28,-26.78733045724958,-10.67253375270019,56.925331759251776
1981-06-29,-25.596251790237954,-10.174749023382772,56.5313988761247
1981-06-30,-25.230494387193083,-9.961264368562224,57.74612980158282
1981-07-01,-23.930411231389364,-10.610551717804869,58.82426786068909
1981-07-02,-23.461724850217703,-10.837577418396789,60.230664609057506
1981-07-03,-22.31556949754075,-10.237597236519877,60.91109381529749
1981-07-04,-22.611502320272713,-10.65615206753401,60.630997905498674
1981-07-05,-21.898006979353056,-10.59577489279664,58.742278331805004
1981-07-06,-21.2750052525391,-9.989056198548786,58.23141748150256
1981-07-07,-21.60103645396876,-9.840470820709484,59.76062126586294
1981-07-08,-20.664963804183692,-10.360460450228258,60.53300278004837
1981-07-09,-20.66454024846826,-10.592960700550588,59.22282298823096
1981-07-10,-20.67645340626009,-10.507894099154884,61.8839893717198
1981-07-11,-21.149534859125925,-10.399872219489891,63.6634832291971
1981-07-12,-20.78507043047365,-9.804966096794315,62.74767926412148
1981-07-13,-19.959300104459363,-9.653921887710787,60.435342830143696
1981-07-14,-20.133100010676873,-9.914619540498437,60.33265826966901
1981-07-15,-19.908606325983396,-9.304347038610263,63.45541164277942
1981-07-16,-19.474761147718226,-8.337080142088086,64.74226129788143
1981-07-17,-18.958590790649648,-8.493818671790393,63.22637218265064
1981-07-18,-18.640703234306656,-8.474214782849433,63.4639518583867
1981-07-19,-18.16656122666672,-8.278295541992097,64.35755216804297
1981-07-20,-18.759294717634155,-7.9241450790207475,65.4924109862057
1981-07-21,-18.274708459302158,-7.968697606614599,65.31423675772322
1981-07-22,-18.31869056345149,-8.014320923331534,65.20719081470696
1981-07-23,-18.253900970350823,-8.282442146672729,64.57551223228947
1981-07-24,-17.397492392703512,-8.26508249633406,63.64219043196859
1981-07-25,-17.466009904894392,-8.430603965044211,63.82157927042944
1981-07-26,-17.188545439245527,-8.106463932007248,64.23794425476
1981-07-27,-16.78904846596909,-7.8785504228631105,64.30017142065175
1981-07-28,-16.73474933340081,-7.496248617140515,62.796396110035836
1981-07-29,-16.86678404098996,-7.3744929692380525,61.40073351354474
1981-07-30,-16.858777778403006,-7.487990764369868,62.2361541848415
1981-07-31,-16.726053804145906,-7.357471457923921,64.45184325034116
1981-08-01,-16.65305137458845,-7.063108822614302,64.48760013531712
1981-08-02,-16.246038346430804,-6.797443015546395,63.72670807933375
1981-08-03,-16.3049535026677,-6.1975836833311115,65.25790767753506
1981-08-04,-15.272539696430389,-6.587646171680421,67.35145500434179
1981-08-05,-16.166875649752857,-5.994815141705068,69.54795326187886
1981-08-06,-15.633450367608143,-5.948576053005652,69.20578484294384
1981-08-07,-15.514713793677808,-5.886456965003519,69.79119171324031
1981-08-08,-15.867282575722028,-5.824360346197406,70.41174647600373
1981-08-09,-15.856323994033994,-5.249177954351546,69.76121934524883
1981-08-10,-15.379078124096715,-4.944511724873704,69.41572509955301
1981-08-11,-15.38727960340768,-4.6850331905977605,68.56775419735821
1981-08-12,-14.957886279550685,-4.515120866948452,68.94820663517663
1981-08-13,-15.314304766127984,-3.903817009724617,70.13337766531237
1981-08-14,-15.32798994416602,-3.4621889833453143,70.24255700585321
1981-08-15,-15.683880866583518,-2.6637353681018747,73.99385595726133
1981-08-16,-15.53343856747297,-2.78154517884513,76.59245793730067
1981-08-17,-16.585827344030832,-2.516031434014299,76.416966583695
1981-08-18,-16.586096909449044,-2.4951743881287016,76.4043105696994
1981-08-19,-17.29917446975445,-2.008907423404111,75.34427515001136
1981-08-20,-17.663689814118296,-1.0119938345674524,74.06592488151553
1981-08-21,-17.232813178998825,-0.8687315204919055,73.99580413234227
1981-08-22,-17.492886277020084,-1.053529605711098,73.13129139130326
1981-08-23,-18.53046732279798,-0.5848376040466324,73.67218177371453
1981-08-24,-19.446350429674467,-0.5103429186503766,74.3990421703762
1981-08-25,-20.34783836652316,-0.5066413550358779,72.48169801362904
1981-08-26,-21.21727015513653,-0.5184840126005528,72.98759342534284
1981-08-27,-21.858465670056635,-0.16191045100217588,72.20793026396598
1981-08-28,-22.155740845022926,-1.0057188922596465,71.87121110649649
1981-08-29,-22.564542159046493,-0.6643213319642837,75.27660647379227
1981-08-30,-22.471470990456655,-0.2015560371131,77.92408236961906
1981-08-31,-23.10600303457034,0.5312775177962444,79.66461994904992
1981-09-01,-23.23185912860803,1.1910966164449641,80.0284763744247
1981-09-02,-23.13307520982299,1.5838695595466565,78.50254353730767
1981-09-03,-23.559054584841945,1.9693209774874303,77.61680071640558
1981-09-04,-23.837026519663535,1.961637564022044,77.28731567137223
1981-09-05,-23.403674231544535,2.9328026698190546,75.49908381611868
1981-09-06,-23.635259759111403,3.6950782136089715,74.95132207515216
1981-09-07,-24.51162309144233,4.839461113484489,76.40268781650215
1981-09-08,-24.585105538171998,5.150211903849178,74.95019335431533
1981-09-09,-24.47596155149333,5.401855237037954,67.70414490355165
1981-09-10,-24.949691960608305,5.736621662301822,63.453751674188815
1981-09-11,-24.61872879138239,5.4263867142680695,68.99680812772675
1981-09-12,-25.007808545169123,5.772738946746587,70.07633775933716
1981-09-13,-25.12159234998388,6.061263438578351,66.73542508579229
1981-09-14,-25.38143722590295,6.693581323768497,67.5906994245869
1981-09-15,-24.928474149615827,6.992233346558079,72.07845352432876
1981-09-16,-24.761674610235893,7.389360316575976,72.38192592861282
1981-09-17,-24.759013642425856,6.748119070035546,71.28233386146584
1981-09-18,-24.81465726025607,7.729894749356472,65.5603721014369
1981-09-19,-25.776934175414947,7.831464186925371,62.20214492383328
1981-09-20,-26.22855974225842,8.017187713068772,61.69584749855969
1981-09-21,-26.144290725614688,8.521461713831508,58.85218570150526
1981-09-22,-26.687648339160884,8.964407894572222,54.60988827699765
1981-09-23,-27.047508308507958,9.723698474181868,49.84449160540834
1981-09-24,-25.998431001233964,9.99718506996306,51.48072126259342
1981-09-25,-27.50235343829105,10.67720924050236,52.346950662201586
1981-09-26,-26.981536279938524,10.479688117931808,52.81448725542263
1981-09-27,-27.056864460368036,10.806755650496159,56.13117610916543
1981-09-28,-26.722230110930763,10.811418485995933,56.02930501923512
1981-09-29,-26.136819943801125,10.195790970942136,56.23575173086041
1981-09-30,-25.46579193855447,9.761453871501491,59.685421121501314
1981-10-01,-25.330257777641517,9.900339723757185,61.07386026550775
1981-10-02,-25.81960133171471,9.539391405455273,58.972046218822086
1981-10-03,-25.346213861868982,9.54236843934963,60.39487973001389
1981-10-04,-24.79405070625787,9.10696705623683,59.35173891192614
1981-10-05,-24.339841239217655,9.57670567068147,56.119165247568766
1981-10-06,-23.719745290484784,9.938036457071302,54.78730489910003
1981-10-07,-23.35704623168165,10.985852989718882,52.88635279080503
1981-10-08,-22.725619835751562,10.907997334516894,54.36299590342731
1981-10-09,-22.428170236710592,11.505613089046545,51.30281415138059
1981-10-10,-21.923957416407042,12.076907872916145,50.364961630922906
1981-10-11,-21.52473950414496,12.056003543462003,49.46631316533887
1981-10-12,-21.008032973551064,13.072263804624242,50.26427405709096
1981-10-13,-20.756834206770694,14.126032784803762,49.47745220054922
1981-10-14,-20.33524970806998,14.755051351328472,44.91592777475641
1981-10-15,-19.95446944487519,17.13215432246985,43.02011152876035
1981-10-16,-19.060467259404653,18.862264098306614,43.092025325326105
1981-10-17,-18.165289262849964,21.066121602987092,40.467191081412224
1981-10-18,-17.301058314155366,22.4325109689992,43.15335170359516
1981-10-19,-16.83728659903803,23.89359401036416,44.22921350431457
1981-10-20,-15.928565165831623,24.632919037458006,43.12712591423213
1981-10-21,-15.107528966620617,24.958536226558422,42.1844753021931
1981-10-22,-14.866636362582751,23.176625439510595,41.973059594807964
1981-10-23,-13.79399967918522,22.608430297282325,43.02963765096281
1981-10-24,-12.964111690343326,23.68552627765833,46.55529616249978
1981-10-25,-12.046875305632852,24.146148070555018,48.35352078496683
1981-10-26,-11.458419859148215,22.82888414710564,49.22229984089406
1981-10-27,-11.256196895647507,20.769564118601426,45.37931300028035
1981-10-28,-10.322753400138835,21.175344798713862,43.26264196047669
1981-10-29,-9.979040211263415,21.057504853823882,42.362330316608386
1981-10-30,-8.603938416953717,21.327357446702813,40.94069372260801
1981-10-31,-8.288289469976716,22.051269503904322,38.22918575484234
1981-11-01,-7.609473677237446,22.829043650165413,36.02595727731248
1981-11-02,-7.285994177538295,23.643896823483075,34.854924872534546
1981-11-03,-6.3534367462391605,25.041406154135263,33.044752428330575
1981-11-04,-5.579431088360187,26.83054933671995,28.251281568079087
1981-11-05,-4.700135780475966,28.0998173516022,26.37156005026518
1981-11-06,-4.757472234479659,27.909002230459617,23.03886930190779
1981-11-07,-3.9298263468228245,27.67129516475101,19.72539986131283
1981-11-08,-3.579466113859333,27.400842566014674,19.4671128571338
1981-11-09,-3.303458176056017,26.32508733938529,16.733942155396367
1981-11-10,-2.89224237801676,25.1044137882097,15.562489087932976
1981-11-11,-2.7567458696475713,22.079203149744153,16.11449730324534
1981-11-12,-1.8493743199062225,20.809249033583797,15.41398141271121
1981-11-13,-0.9960675517295213,19.992147833763713,10.774552783412753
1981-11-14,-0.9194036654692977,19.439844400433792,5.94367970328648
1981-11-15,-0.21243339638499883,19.429309527095374,3.4877065062504107
1981-11-16,0.19209140132802574,19.28298700199484,0.8876694376063025
1981-11-17,0.8755242353116328,19.214271120999452,-0.2980295365720882
1981-11-18,1.5418076627854842,19.94875058031053,-1.794546300942903
1981-11-19,2.7968202475086708,18.623489958635854,-4.270565238085102
1981-11-20,3.129792603907953,21.405034240894448,-7.358458245258244
1981-11-21,3.8015940678076507,23.277811121512503,-8.623481234786352
1981-11-22,4.21696923945958,26.231260033829273,-9.039015571002851
1981-11-23,4.303865756844889,28.089747267901664,-9.489618538547916
1981-11-24,4.437502427266514,29.084944737640548,-9.940583929515437
1981-11-25,4.451886513403768,30.467030707530714,-10.73421297189053
1981-11-26,5.507882104669674,28.171226829566354,-11.066270941401541
1981-11-27,5.280179487469244,27.344717189265634,-10.801108595585461
1981-11-28,4.274556432869991,27.35621032751874,-10.717471901224508
1981-11-29,3.860171142579807,23.664720095977543,-11.09725279232824
1981-11-30,4.260998248077178,19.85183293876525,-10.462168595247745
1981-12-01,3.8996076152159977,16.324267739726537,-10.957800103622846
1981-12-02,4.662270947017416,12.589804090803176,-11.229149208556667
1981-12-03,4.918872687288533,5.9153874291566355,-10.891158068700731
1981-12-04,5.195683943634863,0.13447870034061232,-11.661674848252797
1981-12-05,5.719797967266123,-1.42027887530812,-11.788344490974785
1981-12-06,5.987646836274091,1.336598784133327,-11.61910435743859
1981-12-07,5.816425844051918,4.476254812742352,-12.12113128606402
1981-12-08,5.023252231161059,9.424493514317438,-12.074057181485077
1981-12-09,5.4187356420137505,9.928390408042143,-12.289539308342032
1981-12-10,5.366893731759238,14.631617187863005,-12.45899705689893
1981-12-11,3.79740404281275,19.210336820129335,-12.588657277557532
1981-12-12,4.7584987528387925,20.811409434252365,-12.277396616084648
1981-12-13,4.397413210901278,23.488264001645078,-11.898157339073771
1981-12-14,4.091787686980117,26.319940656938424,-12.046623046074657
1981-12-15,4.06304785102098,28.249486297769973,-12.297684038442801
1981-12-16,3.9321861371086153,31.2949142715033,-13.234788857244101
1981-12-17,2.9888538174970876,33.69529521397196,-13.67260506660224
1981-12-18,2.6927675170799708,36.41212780158446,-13.802302135371614
1981-12-19,1.481181378235783,33.625036462163735,-13.538205182407076
1981-12-20,0.3567492993134001,32.110235834575995,-13.838737233467235
1981-12-21,-0.06051006313654348,27.833375979583423,-13.741752193017696
1981-12-22,0.34697129186643677,25.320821103563453,-13.364933188788678
1981-12-23,0.5378496661745357,25.750260714248856,-13.13757839078466
1981-12-24,-0.14532751527548607,31.414856578760375,-13.113902065822197
1981-12-25,0.626824686154532,34.31530005438574,-12.56141938431701
1981-12-26,0.09090525370868618,37.778607771988945,-12.972459275880004
1981-12-27,0.9618643712500465,37.80534310598029,-13.362150974141505
1981-12-28,0.47905585005032486,35.841897763868786,-13.61841947867143
1981-12-29,0.47479360541964527,34.09043358838819,-13.308207156733046
1981-12-30,-1.497476554103093,35.0590448363886,-12.559980442264152
1981-12-31,-2.620268636558773,35.64428914207084,-13.399179813353518
